dueDateTime,orderId,customer_id,orderPlacementDate,status,assignee,quantity,item_name,unit_price,days_until_due
7/30/23,A74270364-fc220883-6a6e-4eec-b8a9-d5ea58d43c53,A56613925,2023-05-27T18:08:59.589Z,assigned,Laverne Koss,19,Stapler,60,59
6/17/23,A74270364-fb778d8b-9a3b-4cf2-8e6b-0b33746886f7,A56613925,2023-05-27T18:08:59.589Z,assigned,Laverne Koss,53,"30"" Monitor",90,16
7/6/23,A74270364-fd748d48-699d-4032-848a-e5a710e638df,A56613925,2023-05-27T18:08:59.589Z,assigned,Laverne Koss,19,Paper Shredder,100,35
6/19/23,A74270364-c206b101-f8b3-4bbe-a1f4-c674dc3124c8,A56613925,2023-05-27T18:08:59.589Z,assigned,Laverne Koss,50,Paper Clips,30,18
7/6/23,A73728056-15357af5-0273-465c-81d2-65777835407e,A56613925,2023-06-21T12:15:40.128Z,closed,Latoya Gulgowski,60,Multifunction Printer,110,35
7/29/23,A73728056-fb778d8b-9a3b-4cf2-8e6b-0b33746886f7,A56613925,2023-06-21T12:15:40.128Z,closed,Latoya Gulgowski,24,"30"" Monitor",90,58
6/2/23,A73728056-2876d968-98e4-4e20-92a9-4f9d45c3f7d4,A56613925,2023-06-21T12:15:40.128Z,closed,Latoya Gulgowski,27,A4 Paper,20,1
7/1/23,A73728056-bb6408d1-d9c3-43b7-b5c4-986239d8c426,A56613925,2023-06-21T12:15:40.128Z,closed,Latoya Gulgowski,47,Office Desk,40,30
7/5/23,A73728056-e8b47bbe-990b-48a6-a7c6-d15732f85e06,A56613925,2023-06-21T12:15:40.128Z,closed,Latoya Gulgowski,55,Printer,80,34
7/8/23,A73728056-fd748d48-699d-4032-848a-e5a710e638df,A56613925,2023-06-21T12:15:40.128Z,closed,Latoya Gulgowski,26,Paper Shredder,100,37
7/18/23,A98415914-2876d968-98e4-4e20-92a9-4f9d45c3f7d4,A56613925,2023-05-24T04:03:54.217Z,assigned,Kristen Mohr,46,A4 Paper,20,47
6/26/23,A98415914-6d3cbc43-887b-4d37-86a7-cc4246dcbdbe,A56613925,2023-05-24T04:03:54.217Z,assigned,Kristen Mohr,52,File Folders,70,25
6/21/23,A98415914-e8b47bbe-990b-48a6-a7c6-d15732f85e06,A56613925,2023-05-24T04:03:54.217Z,assigned,Kristen Mohr,13,Printer,80,20
6/5/23,A98415914-42d95fcf-a611-4f97-ba88-20e651645b96,A56613925,2023-05-24T04:03:54.217Z,assigned,Kristen Mohr,32,Office Chair,50,4
7/19/23,A29336505-fb778d8b-9a3b-4cf2-8e6b-0b33746886f7,A56613925,2023-06-12T17:37:40.931Z,closed,Taylor Hilll,22,"30"" Monitor",90,48
7/3/23,A29336505-15357af5-0273-465c-81d2-65777835407e,A56613925,2023-06-12T17:37:40.931Z,closed,Taylor Hilll,26,Multifunction Printer,110,32
7/19/23,A29336505-bb6408d1-d9c3-43b7-b5c4-986239d8c426,A56613925,2023-06-12T17:37:40.931Z,closed,Taylor Hilll,32,Office Desk,40,48
7/9/23,A29336505-c206b101-f8b3-4bbe-a1f4-c674dc3124c8,A56613925,2023-06-12T17:37:40.931Z,closed,Taylor Hilll,34,Paper Clips,30,38
6/29/23,A29336505-6d3cbc43-887b-4d37-86a7-cc4246dcbdbe,A56613925,2023-06-12T17:37:40.931Z,closed,Taylor Hilll,15,File Folders,70,28
7/26/23,A29336505-42d95fcf-a611-4f97-ba88-20e651645b96,A56613925,2023-06-12T17:37:40.931Z,closed,Taylor Hilll,56,Office Chair,50,55
7/2/23,A73058303-15357af5-0273-465c-81d2-65777835407e,A56613925,2023-05-29T16:15:47.092Z,assigned,Alfredo Bins,37,Multifunction Printer,110,31
6/2/23,A73058303-e8b47bbe-990b-48a6-a7c6-d15732f85e06,A56613925,2023-05-29T16:15:47.092Z,assigned,Alfredo Bins,41,Printer,80,1
7/10/23,A73058303-fc220883-6a6e-4eec-b8a9-d5ea58d43c53,A56613925,2023-05-29T16:15:47.092Z,assigned,Alfredo Bins,51,Stapler,60,39
7/23/23,A73058303-42d95fcf-a611-4f97-ba88-20e651645b96,A56613925,2023-05-29T16:15:47.092Z,assigned,Alfredo Bins,35,Office Chair,50,52
6/3/23,A73058303-bb6408d1-d9c3-43b7-b5c4-986239d8c426,A56613925,2023-05-29T16:15:47.092Z,assigned,Alfredo Bins,16,Office Desk,40,2
6/24/23,A73058303-fd748d48-699d-4032-848a-e5a710e638df,A56613925,2023-05-29T16:15:47.092Z,assigned,Alfredo Bins,53,Paper Shredder,100,23
6/24/23,A4120267-15357af5-0273-465c-81d2-65777835407e,A56613925,2023-05-17T15:27:22.722Z,assigned,John Dooley,40,Multifunction Printer,110,23
6/15/23,A4120267-fb778d8b-9a3b-4cf2-8e6b-0b33746886f7,A56613925,2023-05-17T15:27:22.722Z,assigned,John Dooley,55,"30"" Monitor",90,14
6/18/23,A4120267-c206b101-f8b3-4bbe-a1f4-c674dc3124c8,A56613925,2023-05-17T15:27:22.722Z,assigned,John Dooley,54,Paper Clips,30,17
7/4/23,A85258431-2876d968-98e4-4e20-92a9-4f9d45c3f7d4,A2961593,2023-05-08T20:07:26.309Z,assigned,Taylor Hilll,12,A4 Paper,20,33
7/22/23,A85258431-e8b47bbe-990b-48a6-a7c6-d15732f85e06,A2961593,2023-05-08T20:07:26.309Z,assigned,Taylor Hilll,23,Printer,80,51
6/28/23,A85258431-fc220883-6a6e-4eec-b8a9-d5ea58d43c53,A2961593,2023-05-08T20:07:26.309Z,assigned,Taylor Hilll,25,Stapler,60,27
6/9/23,A85258431-6d3cbc43-887b-4d37-86a7-cc4246dcbdbe,A2961593,2023-05-08T20:07:26.309Z,assigned,Taylor Hilll,17,File Folders,70,8
7/19/23,A58653993-6d3cbc43-887b-4d37-86a7-cc4246dcbdbe,A2961593,2023-06-01T09:23:11.294Z,assigned,Laverne Koss,50,File Folders,70,48
7/4/23,A4583071-bb6408d1-d9c3-43b7-b5c4-986239d8c426,A2961593,2023-06-16T01:17:56.525Z,assigned,Lorraine Bahringer,6,Office Desk,40,33
6/9/23,A4583071-fb778d8b-9a3b-4cf2-8e6b-0b33746886f7,A2961593,2023-06-16T01:17:56.525Z,assigned,Lorraine Bahringer,52,"30"" Monitor",90,8
6/1/23,A4583071-42d95fcf-a611-4f97-ba88-20e651645b96,A2961593,2023-06-16T01:17:56.525Z,assigned,Lorraine Bahringer,52,Office Chair,50,0
6/20/23,A4583071-fd748d48-699d-4032-848a-e5a710e638df,A2961593,2023-06-16T01:17:56.525Z,assigned,Lorraine Bahringer,45,Paper Shredder,100,19
6/26/23,A4583071-2876d968-98e4-4e20-92a9-4f9d45c3f7d4,A2961593,2023-06-16T01:17:56.525Z,assigned,Lorraine Bahringer,44,A4 Paper,20,25
6/18/23,A4583071-c206b101-f8b3-4bbe-a1f4-c674dc3124c8,A2961593,2023-06-16T01:17:56.525Z,assigned,Lorraine Bahringer,22,Paper Clips,30,17
6/27/23,A88241458-c206b101-f8b3-4bbe-a1f4-c674dc3124c8,A2890159,2023-05-19T23:56:25.235Z,assigned,Latoya Gulgowski,60,Paper Clips,30,26
7/18/23,A88241458-fb778d8b-9a3b-4cf2-8e6b-0b33746886f7,A2890159,2023-05-19T23:56:25.235Z,assigned,Latoya Gulgowski,14,"30"" Monitor",90,47
6/11/23,A88241458-fd748d48-699d-4032-848a-e5a710e638df,A2890159,2023-05-19T23:56:25.235Z,assigned,Latoya Gulgowski,12,Paper Shredder,100,10
6/3/23,A88241458-15357af5-0273-465c-81d2-65777835407e,A2890159,2023-05-19T23:56:25.235Z,assigned,Latoya Gulgowski,40,Multifunction Printer,110,2
6/11/23,A88241458-6d3cbc43-887b-4d37-86a7-cc4246dcbdbe,A2890159,2023-05-19T23:56:25.235Z,assigned,Latoya Gulgowski,30,File Folders,70,10
6/9/23,A88241458-bb6408d1-d9c3-43b7-b5c4-986239d8c426,A2890159,2023-05-19T23:56:25.235Z,assigned,Latoya Gulgowski,26,Office Desk,40,8
7/6/23,A88241458-e8b47bbe-990b-48a6-a7c6-d15732f85e06,A2890159,2023-05-19T23:56:25.235Z,assigned,Latoya Gulgowski,33,Printer,80,35
6/30/23,A16927798-42d95fcf-a611-4f97-ba88-20e651645b96,A2890159,2023-06-23T08:32:42.655Z,open,,23,Office Chair,50,29
7/17/23,A16927798-fb778d8b-9a3b-4cf2-8e6b-0b33746886f7,A2890159,2023-06-23T08:32:42.655Z,open,,17,"30"" Monitor",90,46
7/22/23,A16927798-fd748d48-699d-4032-848a-e5a710e638df,A2890159,2023-06-23T08:32:42.655Z,open,,19,Paper Shredder,100,51
6/9/23,A68972858-15357af5-0273-465c-81d2-65777835407e,A2890159,2023-06-11T08:02:39.657Z,assigned,Erick Quigley,55,Multifunction Printer,110,8
7/19/23,A68972858-bb6408d1-d9c3-43b7-b5c4-986239d8c426,A2890159,2023-06-11T08:02:39.657Z,assigned,Erick Quigley,57,Office Desk,40,48
6/17/23,A40736300-fc220883-6a6e-4eec-b8a9-d5ea58d43c53,A2890159,2023-05-27T04:29:50.706Z,open,,6,Stapler,60,16
7/21/23,A40736300-6d3cbc43-887b-4d37-86a7-cc4246dcbdbe,A2890159,2023-05-27T04:29:50.706Z,open,,7,File Folders,70,50
7/23/23,A40736300-c206b101-f8b3-4bbe-a1f4-c674dc3124c8,A2890159,2023-05-27T04:29:50.706Z,open,,23,Paper Clips,30,52
6/1/23,A40736300-fd748d48-699d-4032-848a-e5a710e638df,A2890159,2023-05-27T04:29:50.706Z,open,,16,Paper Shredder,100,0
7/3/23,A40736300-fb778d8b-9a3b-4cf2-8e6b-0b33746886f7,A2890159,2023-05-27T04:29:50.706Z,open,,46,"30"" Monitor",90,32
6/23/23,A40736300-15357af5-0273-465c-81d2-65777835407e,A2890159,2023-05-27T04:29:50.706Z,open,,50,Multifunction Printer,110,22
7/3/23,A40736300-2876d968-98e4-4e20-92a9-4f9d45c3f7d4,A2890159,2023-05-27T04:29:50.706Z,open,,11,A4 Paper,20,32
6/6/23,A40736300-e8b47bbe-990b-48a6-a7c6-d15732f85e06,A2890159,2023-05-27T04:29:50.706Z,open,,23,Printer,80,5
6/2/23,A46118774-fd748d48-699d-4032-848a-e5a710e638df,A2890159,2023-05-05T21:52:04.510Z,open,,33,Paper Shredder,100,1
6/28/23,A46118774-15357af5-0273-465c-81d2-65777835407e,A2890159,2023-05-05T21:52:04.510Z,open,,21,Multifunction Printer,110,27
7/27/23,A46118774-bb6408d1-d9c3-43b7-b5c4-986239d8c426,A2890159,2023-05-05T21:52:04.510Z,open,,11,Office Desk,40,56
6/17/23,A46118774-fb778d8b-9a3b-4cf2-8e6b-0b33746886f7,A2890159,2023-05-05T21:52:04.510Z,open,,43,"30"" Monitor",90,16
7/30/23,A46118774-6d3cbc43-887b-4d37-86a7-cc4246dcbdbe,A2890159,2023-05-05T21:52:04.510Z,open,,60,File Folders,70,59
6/8/23,A46118774-fc220883-6a6e-4eec-b8a9-d5ea58d43c53,A2890159,2023-05-05T21:52:04.510Z,open,,59,Stapler,60,7
6/4/23,A46118774-2876d968-98e4-4e20-92a9-4f9d45c3f7d4,A2890159,2023-05-05T21:52:04.510Z,open,,24,A4 Paper,20,3
6/7/23,A42673146-6d3cbc43-887b-4d37-86a7-cc4246dcbdbe,A2890159,2023-06-10T20:00:06.697Z,open,,26,File Folders,70,6
6/18/23,A42673146-fd748d48-699d-4032-848a-e5a710e638df,A2890159,2023-06-10T20:00:06.697Z,open,,59,Paper Shredder,100,17
6/30/23,A42673146-15357af5-0273-465c-81d2-65777835407e,A2890159,2023-06-10T20:00:06.697Z,open,,32,Multifunction Printer,110,29
6/23/23,A42673146-fc220883-6a6e-4eec-b8a9-d5ea58d43c53,A2890159,2023-06-10T20:00:06.697Z,open,,44,Stapler,60,22
7/30/23,A42673146-e8b47bbe-990b-48a6-a7c6-d15732f85e06,A2890159,2023-06-10T20:00:06.697Z,open,,13,Printer,80,59
7/16/23,A42673146-bb6408d1-d9c3-43b7-b5c4-986239d8c426,A2890159,2023-06-10T20:00:06.697Z,open,,29,Office Desk,40,45
6/22/23,A25209615-fc220883-6a6e-4eec-b8a9-d5ea58d43c53,A2890159,2023-05-21T06:31:00.897Z,assigned,John Dooley,42,Stapler,60,21
6/4/23,A25209615-bb6408d1-d9c3-43b7-b5c4-986239d8c426,A2890159,2023-05-21T06:31:00.897Z,assigned,John Dooley,41,Office Desk,40,3
6/20/23,A25209615-fb778d8b-9a3b-4cf2-8e6b-0b33746886f7,A2890159,2023-05-21T06:31:00.897Z,assigned,John Dooley,15,"30"" Monitor",90,19
6/9/23,A62687791-fb778d8b-9a3b-4cf2-8e6b-0b33746886f7,A413231,2023-05-15T22:29:49.124Z,assigned,Erick Quigley,22,"30"" Monitor",90,8
7/26/23,A93654614-42d95fcf-a611-4f97-ba88-20e651645b96,A413231,2023-05-21T00:00:55.259Z,assigned,Lela Kemmer,58,Office Chair,50,55
6/17/23,A93654614-c206b101-f8b3-4bbe-a1f4-c674dc3124c8,A413231,2023-05-21T00:00:55.259Z,assigned,Lela Kemmer,59,Paper Clips,30,16
6/17/23,A93654614-bb6408d1-d9c3-43b7-b5c4-986239d8c426,A413231,2023-05-21T00:00:55.259Z,assigned,Lela Kemmer,47,Office Desk,40,16
6/25/23,A93654614-2876d968-98e4-4e20-92a9-4f9d45c3f7d4,A413231,2023-05-21T00:00:55.259Z,assigned,Lela Kemmer,27,A4 Paper,20,24
7/18/23,A93654614-fd748d48-699d-4032-848a-e5a710e638df,A413231,2023-05-21T00:00:55.259Z,assigned,Lela Kemmer,53,Paper Shredder,100,47
7/13/23,A93654614-fc220883-6a6e-4eec-b8a9-d5ea58d43c53,A413231,2023-05-21T00:00:55.259Z,assigned,Lela Kemmer,28,Stapler,60,42
7/24/23,A93654614-6d3cbc43-887b-4d37-86a7-cc4246dcbdbe,A413231,2023-05-21T00:00:55.259Z,assigned,Lela Kemmer,28,File Folders,70,53
7/19/23,A51675902-e8b47bbe-990b-48a6-a7c6-d15732f85e06,A413231,2023-05-08T12:46:55.790Z,assigned,Lorraine Bahringer,43,Printer,80,48
6/16/23,A51675902-bb6408d1-d9c3-43b7-b5c4-986239d8c426,A413231,2023-05-08T12:46:55.790Z,assigned,Lorraine Bahringer,41,Office Desk,40,15
6/3/23,A51675902-fc220883-6a6e-4eec-b8a9-d5ea58d43c53,A413231,2023-05-08T12:46:55.790Z,assigned,Lorraine Bahringer,17,Stapler,60,2
7/16/23,A84792661-fc220883-6a6e-4eec-b8a9-d5ea58d43c53,A413231,2023-06-26T12:05:46.932Z,assigned,Laverne Koss,56,Stapler,60,45
6/2/23,A94648229-42d95fcf-a611-4f97-ba88-20e651645b96,A413231,2023-06-04T11:07:34.936Z,assigned,Taylor Hilll,17,Office Chair,50,1
7/3/23,A94648229-6d3cbc43-887b-4d37-86a7-cc4246dcbdbe,A413231,2023-06-04T11:07:34.936Z,assigned,Taylor Hilll,58,File Folders,70,32
6/16/23,A94648229-c206b101-f8b3-4bbe-a1f4-c674dc3124c8,A413231,2023-06-04T11:07:34.936Z,assigned,Taylor Hilll,41,Paper Clips,30,15
7/16/23,A94648229-e8b47bbe-990b-48a6-a7c6-d15732f85e06,A413231,2023-06-04T11:07:34.936Z,assigned,Taylor Hilll,51,Printer,80,45
6/29/23,A94648229-fc220883-6a6e-4eec-b8a9-d5ea58d43c53,A413231,2023-06-04T11:07:34.936Z,assigned,Taylor Hilll,16,Stapler,60,28
6/27/23,A83048972-c206b101-f8b3-4bbe-a1f4-c674dc3124c8,A413231,2023-05-10T13:07:02.147Z,open,,41,Paper Clips,30,26
6/20/23,A83048972-42d95fcf-a611-4f97-ba88-20e651645b96,A413231,2023-05-10T13:07:02.147Z,open,,19,Office Chair,50,19
6/16/23,A83048972-fc220883-6a6e-4eec-b8a9-d5ea58d43c53,A413231,2023-05-10T13:07:02.147Z,open,,9,Stapler,60,15
6/24/23,A83048972-2876d968-98e4-4e20-92a9-4f9d45c3f7d4,A413231,2023-05-10T13:07:02.147Z,open,,60,A4 Paper,20,23
6/3/23,A83048972-6d3cbc43-887b-4d37-86a7-cc4246dcbdbe,A413231,2023-05-10T13:07:02.147Z,open,,52,File Folders,70,2
7/26/23,A83048972-fb778d8b-9a3b-4cf2-8e6b-0b33746886f7,A413231,2023-05-10T13:07:02.147Z,open,,7,"30"" Monitor",90,55
7/30/23,A34438579-fb778d8b-9a3b-4cf2-8e6b-0b33746886f7,A413231,2023-06-02T04:58:32.101Z,assigned,Gail Weber,54,"30"" Monitor",90,59
6/15/23,A34438579-c206b101-f8b3-4bbe-a1f4-c674dc3124c8,A413231,2023-06-02T04:58:32.101Z,assigned,Gail Weber,36,Paper Clips,30,14
7/15/23,A34438579-e8b47bbe-990b-48a6-a7c6-d15732f85e06,A413231,2023-06-02T04:58:32.101Z,assigned,Gail Weber,32,Printer,80,44
6/14/23,A34438579-6d3cbc43-887b-4d37-86a7-cc4246dcbdbe,A413231,2023-06-02T04:58:32.101Z,assigned,Gail Weber,8,File Folders,70,13
6/29/23,A26238923-6d3cbc43-887b-4d37-86a7-cc4246dcbdbe,A413231,2023-05-20T06:51:10.455Z,assigned,Laverne Koss,10,File Folders,70,28
7/7/23,A26238923-fc220883-6a6e-4eec-b8a9-d5ea58d43c53,A413231,2023-05-20T06:51:10.455Z,assigned,Laverne Koss,36,Stapler,60,36
7/11/23,A26238923-fd748d48-699d-4032-848a-e5a710e638df,A413231,2023-05-20T06:51:10.455Z,assigned,Laverne Koss,58,Paper Shredder,100,40
7/20/23,A26238923-42d95fcf-a611-4f97-ba88-20e651645b96,A413231,2023-05-20T06:51:10.455Z,assigned,Laverne Koss,36,Office Chair,50,49
6/9/23,A6334158-2876d968-98e4-4e20-92a9-4f9d45c3f7d4,A56615245,2023-04-27T21:56:13.369Z,assigned,Lorraine Bahringer,8,A4 Paper,20,8
6/18/23,A46159102-e8b47bbe-990b-48a6-a7c6-d15732f85e06,A56615245,2023-04-20T04:53:25.144Z,closed,Erick Quigley,39,Printer,80,17
6/24/23,A46159102-fc220883-6a6e-4eec-b8a9-d5ea58d43c53,A56615245,2023-04-20T04:53:25.144Z,closed,Erick Quigley,34,Stapler,60,23
7/13/23,A46159102-fb778d8b-9a3b-4cf2-8e6b-0b33746886f7,A56615245,2023-04-20T04:53:25.144Z,closed,Erick Quigley,48,"30"" Monitor",90,42
6/2/23,A25010591-fd748d48-699d-4032-848a-e5a710e638df,A56615245,2023-06-18T19:04:31.864Z,closed,Alfredo Bins,57,Paper Shredder,100,1
6/28/23,A25010591-bb6408d1-d9c3-43b7-b5c4-986239d8c426,A56615245,2023-06-18T19:04:31.864Z,closed,Alfredo Bins,58,Office Desk,40,27
6/1/23,A25010591-c206b101-f8b3-4bbe-a1f4-c674dc3124c8,A56615245,2023-06-18T19:04:31.864Z,closed,Alfredo Bins,18,Paper Clips,30,0
6/5/23,A25010591-15357af5-0273-465c-81d2-65777835407e,A56615245,2023-06-18T19:04:31.864Z,closed,Alfredo Bins,31,Multifunction Printer,110,4
7/17/23,A25010591-e8b47bbe-990b-48a6-a7c6-d15732f85e06,A56615245,2023-06-18T19:04:31.864Z,closed,Alfredo Bins,60,Printer,80,46
7/29/23,A25010591-fc220883-6a6e-4eec-b8a9-d5ea58d43c53,A56615245,2023-06-18T19:04:31.864Z,closed,Alfredo Bins,17,Stapler,60,58
7/8/23,A23128501-15357af5-0273-465c-81d2-65777835407e,A56615245,2023-06-24T03:32:27.158Z,assigned,Erick Quigley,39,Multifunction Printer,110,37
6/20/23,A23128501-42d95fcf-a611-4f97-ba88-20e651645b96,A56615245,2023-06-24T03:32:27.158Z,assigned,Erick Quigley,41,Office Chair,50,19
7/24/23,A23128501-fb778d8b-9a3b-4cf2-8e6b-0b33746886f7,A56615245,2023-06-24T03:32:27.158Z,assigned,Erick Quigley,58,"30"" Monitor",90,53
6/7/23,A23128501-e8b47bbe-990b-48a6-a7c6-d15732f85e06,A56615245,2023-06-24T03:32:27.158Z,assigned,Erick Quigley,47,Printer,80,6
7/23/23,A23128501-6d3cbc43-887b-4d37-86a7-cc4246dcbdbe,A56615245,2023-06-24T03:32:27.158Z,assigned,Erick Quigley,51,File Folders,70,52
7/9/23,A35576541-2876d968-98e4-4e20-92a9-4f9d45c3f7d4,A56615245,2023-06-29T01:19:23.580Z,assigned,Lela Kemmer,23,A4 Paper,20,38
6/3/23,A35576541-6d3cbc43-887b-4d37-86a7-cc4246dcbdbe,A56615245,2023-06-29T01:19:23.580Z,assigned,Lela Kemmer,43,File Folders,70,2
7/5/23,A35576541-bb6408d1-d9c3-43b7-b5c4-986239d8c426,A56615245,2023-06-29T01:19:23.580Z,assigned,Lela Kemmer,33,Office Desk,40,34
6/24/23,A35576541-c206b101-f8b3-4bbe-a1f4-c674dc3124c8,A56615245,2023-06-29T01:19:23.580Z,assigned,Lela Kemmer,48,Paper Clips,30,23
6/21/23,A35576541-fb778d8b-9a3b-4cf2-8e6b-0b33746886f7,A56615245,2023-06-29T01:19:23.580Z,assigned,Lela Kemmer,52,"30"" Monitor",90,20
7/27/23,A35576541-fc220883-6a6e-4eec-b8a9-d5ea58d43c53,A56615245,2023-06-29T01:19:23.580Z,assigned,Lela Kemmer,23,Stapler,60,56
7/18/23,A61423593-bb6408d1-d9c3-43b7-b5c4-986239d8c426,A56615245,2023-04-30T23:38:40.869Z,closed,Lorraine Bahringer,49,Office Desk,40,47
7/4/23,A61423593-fb778d8b-9a3b-4cf2-8e6b-0b33746886f7,A56615245,2023-04-30T23:38:40.869Z,closed,Lorraine Bahringer,17,"30"" Monitor",90,33
7/25/23,A61423593-fc220883-6a6e-4eec-b8a9-d5ea58d43c53,A56615245,2023-04-30T23:38:40.869Z,closed,Lorraine Bahringer,28,Stapler,60,54
7/27/23,A61423593-e8b47bbe-990b-48a6-a7c6-d15732f85e06,A56615245,2023-04-30T23:38:40.869Z,closed,Lorraine Bahringer,54,Printer,80,56
7/30/23,A61423593-c206b101-f8b3-4bbe-a1f4-c674dc3124c8,A56615245,2023-04-30T23:38:40.869Z,closed,Lorraine Bahringer,39,Paper Clips,30,59
6/26/23,A61423593-15357af5-0273-465c-81d2-65777835407e,A56615245,2023-04-30T23:38:40.869Z,closed,Lorraine Bahringer,32,Multifunction Printer,110,25
7/10/23,A35291071-42d95fcf-a611-4f97-ba88-20e651645b96,A50578578,2023-06-09T03:24:28.854Z,open,,10,Office Chair,50,39
7/1/23,A35291071-bb6408d1-d9c3-43b7-b5c4-986239d8c426,A50578578,2023-06-09T03:24:28.854Z,open,,29,Office Desk,40,30
7/20/23,A35291071-fb778d8b-9a3b-4cf2-8e6b-0b33746886f7,A50578578,2023-06-09T03:24:28.854Z,open,,29,"30"" Monitor",90,49
7/11/23,A35291071-fd748d48-699d-4032-848a-e5a710e638df,A50578578,2023-06-09T03:24:28.854Z,open,,21,Paper Shredder,100,40
6/5/23,A35291071-6d3cbc43-887b-4d37-86a7-cc4246dcbdbe,A50578578,2023-06-09T03:24:28.854Z,open,,39,File Folders,70,4
6/15/23,A26252117-fd748d48-699d-4032-848a-e5a710e638df,A50578578,2023-06-23T17:15:09.754Z,assigned,Taylor Hilll,23,Paper Shredder,100,14
6/22/23,A26252117-e8b47bbe-990b-48a6-a7c6-d15732f85e06,A50578578,2023-06-23T17:15:09.754Z,assigned,Taylor Hilll,59,Printer,80,21
7/9/23,A94188649-42d95fcf-a611-4f97-ba88-20e651645b96,A3792785,2023-05-28T18:24:14.805Z,assigned,Latoya Gulgowski,7,Office Chair,50,38
6/7/23,A94188649-fb778d8b-9a3b-4cf2-8e6b-0b33746886f7,A3792785,2023-05-28T18:24:14.805Z,assigned,Latoya Gulgowski,45,"30"" Monitor",90,6
6/13/23,A94188649-e8b47bbe-990b-48a6-a7c6-d15732f85e06,A3792785,2023-05-28T18:24:14.805Z,assigned,Latoya Gulgowski,41,Printer,80,12
6/10/23,A94188649-6d3cbc43-887b-4d37-86a7-cc4246dcbdbe,A3792785,2023-05-28T18:24:14.805Z,assigned,Latoya Gulgowski,35,File Folders,70,9
7/24/23,A51790913-6d3cbc43-887b-4d37-86a7-cc4246dcbdbe,A3792785,2023-06-06T17:43:11.464Z,closed,Erick Quigley,44,File Folders,70,53
7/13/23,A51790913-bb6408d1-d9c3-43b7-b5c4-986239d8c426,A3792785,2023-06-06T17:43:11.464Z,closed,Erick Quigley,14,Office Desk,40,42
7/24/23,A51790913-15357af5-0273-465c-81d2-65777835407e,A3792785,2023-06-06T17:43:11.464Z,closed,Erick Quigley,12,Multifunction Printer,110,53
6/18/23,A51790913-e8b47bbe-990b-48a6-a7c6-d15732f85e06,A3792785,2023-06-06T17:43:11.464Z,closed,Erick Quigley,20,Printer,80,17
7/20/23,A17520018-e8b47bbe-990b-48a6-a7c6-d15732f85e06,A3792785,2023-05-24T21:09:21.226Z,closed,Lorraine Bahringer,14,Printer,80,49
6/1/23,A70972602-fd748d48-699d-4032-848a-e5a710e638df,A3792785,2023-06-22T11:26:36.316Z,assigned,Lorraine Bahringer,51,Paper Shredder,100,0
6/5/23,A70972602-e8b47bbe-990b-48a6-a7c6-d15732f85e06,A3792785,2023-06-22T11:26:36.316Z,assigned,Lorraine Bahringer,51,Printer,80,4
6/15/23,A70972602-c206b101-f8b3-4bbe-a1f4-c674dc3124c8,A3792785,2023-06-22T11:26:36.316Z,assigned,Lorraine Bahringer,39,Paper Clips,30,14
7/16/23,A70972602-6d3cbc43-887b-4d37-86a7-cc4246dcbdbe,A3792785,2023-06-22T11:26:36.316Z,assigned,Lorraine Bahringer,29,File Folders,70,45
7/12/23,A70972602-15357af5-0273-465c-81d2-65777835407e,A3792785,2023-06-22T11:26:36.316Z,assigned,Lorraine Bahringer,27,Multifunction Printer,110,41
7/28/23,A70972602-fc220883-6a6e-4eec-b8a9-d5ea58d43c53,A3792785,2023-06-22T11:26:36.316Z,assigned,Lorraine Bahringer,7,Stapler,60,57
6/15/23,A24786385-fb778d8b-9a3b-4cf2-8e6b-0b33746886f7,A3792785,2023-05-15T23:40:18.257Z,closed,Lorraine Bahringer,32,"30"" Monitor",90,14
7/4/23,A24786385-c206b101-f8b3-4bbe-a1f4-c674dc3124c8,A3792785,2023-05-15T23:40:18.257Z,closed,Lorraine Bahringer,27,Paper Clips,30,33
7/14/23,A24786385-fc220883-6a6e-4eec-b8a9-d5ea58d43c53,A3792785,2023-05-15T23:40:18.257Z,closed,Lorraine Bahringer,24,Stapler,60,43
7/26/23,A86060343-fd748d48-699d-4032-848a-e5a710e638df,A55065458,2023-06-27T13:37:13.304Z,assigned,Latoya Gulgowski,49,Paper Shredder,100,55
6/18/23,A86060343-6d3cbc43-887b-4d37-86a7-cc4246dcbdbe,A55065458,2023-06-27T13:37:13.304Z,assigned,Latoya Gulgowski,53,File Folders,70,17
7/21/23,A86060343-15357af5-0273-465c-81d2-65777835407e,A55065458,2023-06-27T13:37:13.304Z,assigned,Latoya Gulgowski,31,Multifunction Printer,110,50
6/10/23,A86060343-42d95fcf-a611-4f97-ba88-20e651645b96,A55065458,2023-06-27T13:37:13.304Z,assigned,Latoya Gulgowski,26,Office Chair,50,9
7/21/23,A86060343-c206b101-f8b3-4bbe-a1f4-c674dc3124c8,A55065458,2023-06-27T13:37:13.304Z,assigned,Latoya Gulgowski,36,Paper Clips,30,50
6/19/23,A86060343-2876d968-98e4-4e20-92a9-4f9d45c3f7d4,A55065458,2023-06-27T13:37:13.304Z,assigned,Latoya Gulgowski,40,A4 Paper,20,18
6/18/23,A84723300-15357af5-0273-465c-81d2-65777835407e,A55065458,2023-05-31T08:04:54.407Z,assigned,Gail Weber,39,Multifunction Printer,110,17
7/9/23,A84723300-c206b101-f8b3-4bbe-a1f4-c674dc3124c8,A55065458,2023-05-31T08:04:54.407Z,assigned,Gail Weber,26,Paper Clips,30,38
6/14/23,A84723300-e8b47bbe-990b-48a6-a7c6-d15732f85e06,A55065458,2023-05-31T08:04:54.407Z,assigned,Gail Weber,12,Printer,80,13
7/10/23,A84723300-2876d968-98e4-4e20-92a9-4f9d45c3f7d4,A55065458,2023-05-31T08:04:54.407Z,assigned,Gail Weber,33,A4 Paper,20,39
6/22/23,A84723300-fc220883-6a6e-4eec-b8a9-d5ea58d43c53,A55065458,2023-05-31T08:04:54.407Z,assigned,Gail Weber,57,Stapler,60,21
7/26/23,A50286304-fc220883-6a6e-4eec-b8a9-d5ea58d43c53,A55065458,2023-05-19T02:06:03.983Z,assigned,Gail Weber,57,Stapler,60,55
6/5/23,A50286304-15357af5-0273-465c-81d2-65777835407e,A55065458,2023-05-19T02:06:03.983Z,assigned,Gail Weber,9,Multifunction Printer,110,4
6/24/23,A53316246-e8b47bbe-990b-48a6-a7c6-d15732f85e06,A55065458,2023-05-14T17:00:20.959Z,closed,Kristen Mohr,43,Printer,80,23
7/6/23,A53316246-fc220883-6a6e-4eec-b8a9-d5ea58d43c53,A55065458,2023-05-14T17:00:20.959Z,closed,Kristen Mohr,60,Stapler,60,35
7/22/23,A53316246-c206b101-f8b3-4bbe-a1f4-c674dc3124c8,A55065458,2023-05-14T17:00:20.959Z,closed,Kristen Mohr,16,Paper Clips,30,51
7/28/23,A53316246-15357af5-0273-465c-81d2-65777835407e,A55065458,2023-05-14T17:00:20.959Z,closed,Kristen Mohr,40,Multifunction Printer,110,57
7/15/23,A53316246-42d95fcf-a611-4f97-ba88-20e651645b96,A55065458,2023-05-14T17:00:20.959Z,closed,Kristen Mohr,49,Office Chair,50,44
7/13/23,A53316246-bb6408d1-d9c3-43b7-b5c4-986239d8c426,A55065458,2023-05-14T17:00:20.959Z,closed,Kristen Mohr,45,Office Desk,40,42
6/17/23,A94686124-6d3cbc43-887b-4d37-86a7-cc4246dcbdbe,A55065458,2023-06-13T10:50:27.556Z,assigned,Lorraine Bahringer,25,File Folders,70,16
7/2/23,A94686124-e8b47bbe-990b-48a6-a7c6-d15732f85e06,A55065458,2023-06-13T10:50:27.556Z,assigned,Lorraine Bahringer,40,Printer,80,31
7/11/23,A94686124-fd748d48-699d-4032-848a-e5a710e638df,A55065458,2023-06-13T10:50:27.556Z,assigned,Lorraine Bahringer,60,Paper Shredder,100,40
7/24/23,A94686124-c206b101-f8b3-4bbe-a1f4-c674dc3124c8,A55065458,2023-06-13T10:50:27.556Z,assigned,Lorraine Bahringer,16,Paper Clips,30,53
6/29/23,A94686124-fc220883-6a6e-4eec-b8a9-d5ea58d43c53,A55065458,2023-06-13T10:50:27.556Z,assigned,Lorraine Bahringer,8,Stapler,60,28
6/3/23,A33952957-c206b101-f8b3-4bbe-a1f4-c674dc3124c8,A55065458,2023-07-02T20:41:11.618Z,assigned,Gail Weber,44,Paper Clips,30,2
6/22/23,A33952957-fd748d48-699d-4032-848a-e5a710e638df,A55065458,2023-07-02T20:41:11.618Z,assigned,Gail Weber,56,Paper Shredder,100,21
6/28/23,A33952957-6d3cbc43-887b-4d37-86a7-cc4246dcbdbe,A55065458,2023-07-02T20:41:11.618Z,assigned,Gail Weber,53,File Folders,70,27
7/29/23,A33952957-e8b47bbe-990b-48a6-a7c6-d15732f85e06,A55065458,2023-07-02T20:41:11.618Z,assigned,Gail Weber,12,Printer,80,58
7/13/23,A33952957-fc220883-6a6e-4eec-b8a9-d5ea58d43c53,A55065458,2023-07-02T20:41:11.618Z,assigned,Gail Weber,43,Stapler,60,42
6/13/23,A33952957-fb778d8b-9a3b-4cf2-8e6b-0b33746886f7,A55065458,2023-07-02T20:41:11.618Z,assigned,Gail Weber,33,"30"" Monitor",90,12
6/24/23,A33952957-bb6408d1-d9c3-43b7-b5c4-986239d8c426,A55065458,2023-07-02T20:41:11.618Z,assigned,Gail Weber,8,Office Desk,40,23
6/26/23,A40358551-6d3cbc43-887b-4d37-86a7-cc4246dcbdbe,A55065458,2023-06-19T21:39:01.805Z,closed,Lorraine Bahringer,21,File Folders,70,25
7/14/23,A40358551-fb778d8b-9a3b-4cf2-8e6b-0b33746886f7,A55065458,2023-06-19T21:39:01.805Z,closed,Lorraine Bahringer,57,"30"" Monitor",90,43
7/11/23,A40358551-bb6408d1-d9c3-43b7-b5c4-986239d8c426,A55065458,2023-06-19T21:39:01.805Z,closed,Lorraine Bahringer,17,Office Desk,40,40
6/3/23,A40358551-15357af5-0273-465c-81d2-65777835407e,A55065458,2023-06-19T21:39:01.805Z,closed,Lorraine Bahringer,51,Multifunction Printer,110,2
6/26/23,A40358551-fc220883-6a6e-4eec-b8a9-d5ea58d43c53,A55065458,2023-06-19T21:39:01.805Z,closed,Lorraine Bahringer,26,Stapler,60,25
6/21/23,A40358551-fd748d48-699d-4032-848a-e5a710e638df,A55065458,2023-06-19T21:39:01.805Z,closed,Lorraine Bahringer,14,Paper Shredder,100,20
6/7/23,A8484417-fc220883-6a6e-4eec-b8a9-d5ea58d43c53,A55065458,2023-05-28T03:35:21.771Z,open,,34,Stapler,60,6
6/12/23,A8484417-c206b101-f8b3-4bbe-a1f4-c674dc3124c8,A55065458,2023-05-28T03:35:21.771Z,open,,46,Paper Clips,30,11
7/23/23,A8484417-6d3cbc43-887b-4d37-86a7-cc4246dcbdbe,A55065458,2023-05-28T03:35:21.771Z,open,,19,File Folders,70,52
7/13/23,A85054839-fd748d48-699d-4032-848a-e5a710e638df,A71550467,2023-05-25T14:09:16.248Z,assigned,Alfredo Bins,45,Paper Shredder,100,42
7/15/23,A85054839-6d3cbc43-887b-4d37-86a7-cc4246dcbdbe,A71550467,2023-05-25T14:09:16.248Z,assigned,Alfredo Bins,16,File Folders,70,44
7/24/23,A85054839-fb778d8b-9a3b-4cf2-8e6b-0b33746886f7,A71550467,2023-05-25T14:09:16.248Z,assigned,Alfredo Bins,60,"30"" Monitor",90,53
7/2/23,A85054839-2876d968-98e4-4e20-92a9-4f9d45c3f7d4,A71550467,2023-05-25T14:09:16.248Z,assigned,Alfredo Bins,28,A4 Paper,20,31
6/15/23,A85054839-15357af5-0273-465c-81d2-65777835407e,A71550467,2023-05-25T14:09:16.248Z,assigned,Alfredo Bins,56,Multifunction Printer,110,14
6/30/23,A70893159-bb6408d1-d9c3-43b7-b5c4-986239d8c426,A71550467,2023-06-11T06:05:42.058Z,assigned,John Dooley,29,Office Desk,40,29
6/5/23,A70893159-e8b47bbe-990b-48a6-a7c6-d15732f85e06,A71550467,2023-06-11T06:05:42.058Z,assigned,John Dooley,39,Printer,80,4
6/5/23,A70893159-fc220883-6a6e-4eec-b8a9-d5ea58d43c53,A71550467,2023-06-11T06:05:42.058Z,assigned,John Dooley,55,Stapler,60,4
7/29/23,A70893159-2876d968-98e4-4e20-92a9-4f9d45c3f7d4,A71550467,2023-06-11T06:05:42.058Z,assigned,John Dooley,17,A4 Paper,20,58
7/4/23,A15744126-e8b47bbe-990b-48a6-a7c6-d15732f85e06,A18788900,2023-04-26T05:25:25.239Z,assigned,Erick Quigley,27,Printer,80,33
6/2/23,A15744126-fb778d8b-9a3b-4cf2-8e6b-0b33746886f7,A18788900,2023-04-26T05:25:25.239Z,assigned,Erick Quigley,41,"30"" Monitor",90,1
6/6/23,A15744126-bb6408d1-d9c3-43b7-b5c4-986239d8c426,A18788900,2023-04-26T05:25:25.239Z,assigned,Erick Quigley,55,Office Desk,40,5
7/24/23,A15744126-fd748d48-699d-4032-848a-e5a710e638df,A18788900,2023-04-26T05:25:25.239Z,assigned,Erick Quigley,54,Paper Shredder,100,53
6/26/23,A15744126-42d95fcf-a611-4f97-ba88-20e651645b96,A18788900,2023-04-26T05:25:25.239Z,assigned,Erick Quigley,41,Office Chair,50,25
6/6/23,A22349653-6d3cbc43-887b-4d37-86a7-cc4246dcbdbe,A18788900,2023-05-21T17:42:01.220Z,assigned,John Dooley,57,File Folders,70,5
6/14/23,A22349653-2876d968-98e4-4e20-92a9-4f9d45c3f7d4,A18788900,2023-05-21T17:42:01.220Z,assigned,John Dooley,60,A4 Paper,20,13
7/20/23,A22349653-42d95fcf-a611-4f97-ba88-20e651645b96,A18788900,2023-05-21T17:42:01.220Z,assigned,John Dooley,14,Office Chair,50,49
6/13/23,A44739970-fc220883-6a6e-4eec-b8a9-d5ea58d43c53,A30986622,2023-06-28T02:58:28.951Z,closed,Latoya Gulgowski,28,Stapler,60,12
6/9/23,A44739970-bb6408d1-d9c3-43b7-b5c4-986239d8c426,A30986622,2023-06-28T02:58:28.951Z,closed,Latoya Gulgowski,11,Office Desk,40,8
7/16/23,A44739970-15357af5-0273-465c-81d2-65777835407e,A30986622,2023-06-28T02:58:28.951Z,closed,Latoya Gulgowski,43,Multifunction Printer,110,45
6/28/23,A44739970-c206b101-f8b3-4bbe-a1f4-c674dc3124c8,A30986622,2023-06-28T02:58:28.951Z,closed,Latoya Gulgowski,14,Paper Clips,30,27
7/29/23,A44739970-6d3cbc43-887b-4d37-86a7-cc4246dcbdbe,A30986622,2023-06-28T02:58:28.951Z,closed,Latoya Gulgowski,50,File Folders,70,58
7/13/23,A44739970-e8b47bbe-990b-48a6-a7c6-d15732f85e06,A30986622,2023-06-28T02:58:28.951Z,closed,Latoya Gulgowski,12,Printer,80,42
7/19/23,A1480330-bb6408d1-d9c3-43b7-b5c4-986239d8c426,A30986622,2023-04-30T18:27:02.246Z,assigned,Gail Weber,35,Office Desk,40,48
6/8/23,A1480330-fb778d8b-9a3b-4cf2-8e6b-0b33746886f7,A30986622,2023-04-30T18:27:02.246Z,assigned,Gail Weber,40,"30"" Monitor",90,7
6/3/23,A1480330-fd748d48-699d-4032-848a-e5a710e638df,A30986622,2023-04-30T18:27:02.246Z,assigned,Gail Weber,52,Paper Shredder,100,2
6/4/23,A1480330-42d95fcf-a611-4f97-ba88-20e651645b96,A30986622,2023-04-30T18:27:02.246Z,assigned,Gail Weber,58,Office Chair,50,3
7/5/23,A1480330-fc220883-6a6e-4eec-b8a9-d5ea58d43c53,A30986622,2023-04-30T18:27:02.246Z,assigned,Gail Weber,23,Stapler,60,34
7/10/23,A90148758-fd748d48-699d-4032-848a-e5a710e638df,A30986622,2023-05-18T04:45:02.824Z,assigned,Gail Weber,33,Paper Shredder,100,39
6/10/23,A90148758-c206b101-f8b3-4bbe-a1f4-c674dc3124c8,A30986622,2023-05-18T04:45:02.824Z,assigned,Gail Weber,26,Paper Clips,30,9
7/13/23,A90148758-bb6408d1-d9c3-43b7-b5c4-986239d8c426,A30986622,2023-05-18T04:45:02.824Z,assigned,Gail Weber,18,Office Desk,40,42
6/30/23,A49331548-6d3cbc43-887b-4d37-86a7-cc4246dcbdbe,A30986622,2023-05-07T21:18:12.220Z,assigned,Laverne Koss,7,File Folders,70,29
6/26/23,A49331548-fb778d8b-9a3b-4cf2-8e6b-0b33746886f7,A30986622,2023-05-07T21:18:12.220Z,assigned,Laverne Koss,5,"30"" Monitor",90,25
7/24/23,A49331548-e8b47bbe-990b-48a6-a7c6-d15732f85e06,A30986622,2023-05-07T21:18:12.220Z,assigned,Laverne Koss,14,Printer,80,53
7/29/23,A91407463-fb778d8b-9a3b-4cf2-8e6b-0b33746886f7,A30986622,2023-05-19T22:06:55.240Z,assigned,Erick Quigley,8,"30"" Monitor",90,58
7/9/23,A91407463-42d95fcf-a611-4f97-ba88-20e651645b96,A30986622,2023-05-19T22:06:55.240Z,assigned,Erick Quigley,9,Office Chair,50,38
7/18/23,A91407463-e8b47bbe-990b-48a6-a7c6-d15732f85e06,A30986622,2023-05-19T22:06:55.240Z,assigned,Erick Quigley,9,Printer,80,47
7/9/23,A91407463-bb6408d1-d9c3-43b7-b5c4-986239d8c426,A30986622,2023-05-19T22:06:55.240Z,assigned,Erick Quigley,49,Office Desk,40,38
7/7/23,A91407463-2876d968-98e4-4e20-92a9-4f9d45c3f7d4,A30986622,2023-05-19T22:06:55.240Z,assigned,Erick Quigley,27,A4 Paper,20,36
6/25/23,A91407463-c206b101-f8b3-4bbe-a1f4-c674dc3124c8,A30986622,2023-05-19T22:06:55.240Z,assigned,Erick Quigley,29,Paper Clips,30,24
6/6/23,A91407463-fc220883-6a6e-4eec-b8a9-d5ea58d43c53,A30986622,2023-05-19T22:06:55.240Z,assigned,Erick Quigley,7,Stapler,60,5
7/7/23,A13182296-fc220883-6a6e-4eec-b8a9-d5ea58d43c53,A30986622,2023-06-10T10:07:05.773Z,closed,John Dooley,13,Stapler,60,36
7/20/23,A13182296-2876d968-98e4-4e20-92a9-4f9d45c3f7d4,A30986622,2023-06-10T10:07:05.773Z,closed,John Dooley,18,A4 Paper,20,49
6/1/23,A13182296-e8b47bbe-990b-48a6-a7c6-d15732f85e06,A30986622,2023-06-10T10:07:05.773Z,closed,John Dooley,47,Printer,80,0
6/4/23,A9167902-6d3cbc43-887b-4d37-86a7-cc4246dcbdbe,A30986622,2023-06-02T03:20:54.096Z,open,,51,File Folders,70,3
7/15/23,A9167902-bb6408d1-d9c3-43b7-b5c4-986239d8c426,A30986622,2023-06-02T03:20:54.096Z,open,,27,Office Desk,40,44
6/6/23,A9167902-fb778d8b-9a3b-4cf2-8e6b-0b33746886f7,A30986622,2023-06-02T03:20:54.096Z,open,,43,"30"" Monitor",90,5
7/15/23,A9167902-e8b47bbe-990b-48a6-a7c6-d15732f85e06,A30986622,2023-06-02T03:20:54.096Z,open,,38,Printer,80,44
6/24/23,A9167902-c206b101-f8b3-4bbe-a1f4-c674dc3124c8,A30986622,2023-06-02T03:20:54.096Z,open,,34,Paper Clips,30,23
7/10/23,A7906099-6d3cbc43-887b-4d37-86a7-cc4246dcbdbe,A30986622,2023-05-26T11:42:56.117Z,closed,Lela Kemmer,38,File Folders,70,39
6/18/23,A7906099-fc220883-6a6e-4eec-b8a9-d5ea58d43c53,A30986622,2023-05-26T11:42:56.117Z,closed,Lela Kemmer,56,Stapler,60,17
6/13/23,A7906099-fb778d8b-9a3b-4cf2-8e6b-0b33746886f7,A30986622,2023-05-26T11:42:56.117Z,closed,Lela Kemmer,14,"30"" Monitor",90,12
7/1/23,A7906099-c206b101-f8b3-4bbe-a1f4-c674dc3124c8,A30986622,2023-05-26T11:42:56.117Z,closed,Lela Kemmer,55,Paper Clips,30,30
6/14/23,A7906099-15357af5-0273-465c-81d2-65777835407e,A30986622,2023-05-26T11:42:56.117Z,closed,Lela Kemmer,14,Multifunction Printer,110,13
6/28/23,A7906099-2876d968-98e4-4e20-92a9-4f9d45c3f7d4,A30986622,2023-05-26T11:42:56.117Z,closed,Lela Kemmer,31,A4 Paper,20,27
7/2/23,A6109637-bb6408d1-d9c3-43b7-b5c4-986239d8c426,A7703011,2023-05-28T11:29:02.637Z,closed,Erick Quigley,20,Office Desk,40,31
6/28/23,A6109637-15357af5-0273-465c-81d2-65777835407e,A7703011,2023-05-28T11:29:02.637Z,closed,Erick Quigley,10,Multifunction Printer,110,27
6/23/23,A6109637-6d3cbc43-887b-4d37-86a7-cc4246dcbdbe,A7703011,2023-05-28T11:29:02.637Z,closed,Erick Quigley,9,File Folders,70,22
7/3/23,A6109637-fb778d8b-9a3b-4cf2-8e6b-0b33746886f7,A7703011,2023-05-28T11:29:02.637Z,closed,Erick Quigley,59,"30"" Monitor",90,32
7/29/23,A6109637-2876d968-98e4-4e20-92a9-4f9d45c3f7d4,A7703011,2023-05-28T11:29:02.637Z,closed,Erick Quigley,8,A4 Paper,20,58
7/30/23,A6109637-fd748d48-699d-4032-848a-e5a710e638df,A7703011,2023-05-28T11:29:02.637Z,closed,Erick Quigley,35,Paper Shredder,100,59
6/16/23,A6109637-e8b47bbe-990b-48a6-a7c6-d15732f85e06,A7703011,2023-05-28T11:29:02.637Z,closed,Erick Quigley,16,Printer,80,15
7/23/23,A13904718-fb778d8b-9a3b-4cf2-8e6b-0b33746886f7,A7703011,2023-06-08T05:03:51.288Z,open,,39,"30"" Monitor",90,52
6/11/23,A13904718-bb6408d1-d9c3-43b7-b5c4-986239d8c426,A7703011,2023-06-08T05:03:51.288Z,open,,40,Office Desk,40,10
7/14/23,A13904718-e8b47bbe-990b-48a6-a7c6-d15732f85e06,A7703011,2023-06-08T05:03:51.288Z,open,,16,Printer,80,43
7/9/23,A13904718-6d3cbc43-887b-4d37-86a7-cc4246dcbdbe,A7703011,2023-06-08T05:03:51.288Z,open,,18,File Folders,70,38
6/14/23,A13904718-42d95fcf-a611-4f97-ba88-20e651645b96,A7703011,2023-06-08T05:03:51.288Z,open,,15,Office Chair,50,13
6/2/23,A19121511-e8b47bbe-990b-48a6-a7c6-d15732f85e06,A7703011,2023-06-19T10:48:55.861Z,assigned,Gail Weber,13,Printer,80,1
6/10/23,A19121511-fd748d48-699d-4032-848a-e5a710e638df,A7703011,2023-06-19T10:48:55.861Z,assigned,Gail Weber,44,Paper Shredder,100,9
6/22/23,A19121511-fc220883-6a6e-4eec-b8a9-d5ea58d43c53,A7703011,2023-06-19T10:48:55.861Z,assigned,Gail Weber,9,Stapler,60,21
6/3/23,A5136010-2876d968-98e4-4e20-92a9-4f9d45c3f7d4,A7703011,2023-05-27T00:59:41.330Z,assigned,Laverne Koss,16,A4 Paper,20,2
7/27/23,A5136010-bb6408d1-d9c3-43b7-b5c4-986239d8c426,A7703011,2023-05-27T00:59:41.330Z,assigned,Laverne Koss,43,Office Desk,40,56
6/7/23,A58348240-fb778d8b-9a3b-4cf2-8e6b-0b33746886f7,A7703011,2023-06-11T06:25:17.068Z,assigned,Taylor Hilll,33,"30"" Monitor",90,6
6/29/23,A58348240-fd748d48-699d-4032-848a-e5a710e638df,A7703011,2023-06-11T06:25:17.068Z,assigned,Taylor Hilll,34,Paper Shredder,100,28
6/23/23,A58348240-42d95fcf-a611-4f97-ba88-20e651645b96,A7703011,2023-06-11T06:25:17.068Z,assigned,Taylor Hilll,36,Office Chair,50,22
6/16/23,A58348240-c206b101-f8b3-4bbe-a1f4-c674dc3124c8,A7703011,2023-06-11T06:25:17.068Z,assigned,Taylor Hilll,42,Paper Clips,30,15
7/14/23,A58348240-e8b47bbe-990b-48a6-a7c6-d15732f85e06,A7703011,2023-06-11T06:25:17.068Z,assigned,Taylor Hilll,18,Printer,80,43
7/11/23,A98080328-bb6408d1-d9c3-43b7-b5c4-986239d8c426,A86993846,2023-05-16T18:45:51.126Z,assigned,Lorraine Bahringer,28,Office Desk,40,40
6/22/23,A98080328-fb778d8b-9a3b-4cf2-8e6b-0b33746886f7,A86993846,2023-05-16T18:45:51.126Z,assigned,Lorraine Bahringer,51,"30"" Monitor",90,21
6/30/23,A98080328-15357af5-0273-465c-81d2-65777835407e,A86993846,2023-05-16T18:45:51.126Z,assigned,Lorraine Bahringer,45,Multifunction Printer,110,29
6/3/23,A98080328-2876d968-98e4-4e20-92a9-4f9d45c3f7d4,A86993846,2023-05-16T18:45:51.126Z,assigned,Lorraine Bahringer,6,A4 Paper,20,2
7/22/23,A40101469-15357af5-0273-465c-81d2-65777835407e,A86993846,2023-05-16T20:18:45.664Z,assigned,Gail Weber,50,Multifunction Printer,110,51
6/30/23,A40101469-fd748d48-699d-4032-848a-e5a710e638df,A86993846,2023-05-16T20:18:45.664Z,assigned,Gail Weber,44,Paper Shredder,100,29
6/24/23,A4620333-2876d968-98e4-4e20-92a9-4f9d45c3f7d4,A86993846,2023-06-10T02:52:16.780Z,assigned,John Dooley,33,A4 Paper,20,23
6/7/23,A4620333-fc220883-6a6e-4eec-b8a9-d5ea58d43c53,A86993846,2023-06-10T02:52:16.780Z,assigned,John Dooley,26,Stapler,60,6
6/19/23,A4620333-bb6408d1-d9c3-43b7-b5c4-986239d8c426,A86993846,2023-06-10T02:52:16.780Z,assigned,John Dooley,39,Office Desk,40,18
6/27/23,A4620333-fb778d8b-9a3b-4cf2-8e6b-0b33746886f7,A86993846,2023-06-10T02:52:16.780Z,assigned,John Dooley,25,"30"" Monitor",90,26
6/29/23,A4620333-c206b101-f8b3-4bbe-a1f4-c674dc3124c8,A86993846,2023-06-10T02:52:16.780Z,assigned,John Dooley,56,Paper Clips,30,28
6/23/23,A52354851-6d3cbc43-887b-4d37-86a7-cc4246dcbdbe,A86993846,2023-05-28T20:22:05.510Z,assigned,John Dooley,35,File Folders,70,22
7/13/23,A52354851-fb778d8b-9a3b-4cf2-8e6b-0b33746886f7,A86993846,2023-05-28T20:22:05.510Z,assigned,John Dooley,36,"30"" Monitor",90,42
7/22/23,A49527344-c206b101-f8b3-4bbe-a1f4-c674dc3124c8,A98191622,2023-06-04T13:08:35.589Z,assigned,Taylor Hilll,49,Paper Clips,30,51
7/6/23,A49527344-2876d968-98e4-4e20-92a9-4f9d45c3f7d4,A98191622,2023-06-04T13:08:35.589Z,assigned,Taylor Hilll,21,A4 Paper,20,35
7/6/23,A49527344-42d95fcf-a611-4f97-ba88-20e651645b96,A98191622,2023-06-04T13:08:35.589Z,assigned,Taylor Hilll,42,Office Chair,50,35
7/15/23,A22060294-bb6408d1-d9c3-43b7-b5c4-986239d8c426,A98191622,2023-05-01T09:21:21.129Z,assigned,Latoya Gulgowski,26,Office Desk,40,44
6/8/23,A22060294-fc220883-6a6e-4eec-b8a9-d5ea58d43c53,A98191622,2023-05-01T09:21:21.129Z,assigned,Latoya Gulgowski,23,Stapler,60,7
6/20/23,A2748578-6d3cbc43-887b-4d37-86a7-cc4246dcbdbe,A59877673,2023-05-25T22:06:43.485Z,closed,Alfredo Bins,21,File Folders,70,19
6/18/23,A2748578-bb6408d1-d9c3-43b7-b5c4-986239d8c426,A59877673,2023-05-25T22:06:43.485Z,closed,Alfredo Bins,38,Office Desk,40,17
6/27/23,A2748578-e8b47bbe-990b-48a6-a7c6-d15732f85e06,A59877673,2023-05-25T22:06:43.485Z,closed,Alfredo Bins,33,Printer,80,26
7/26/23,A2748578-2876d968-98e4-4e20-92a9-4f9d45c3f7d4,A59877673,2023-05-25T22:06:43.485Z,closed,Alfredo Bins,60,A4 Paper,20,55
7/28/23,A2748578-fb778d8b-9a3b-4cf2-8e6b-0b33746886f7,A59877673,2023-05-25T22:06:43.485Z,closed,Alfredo Bins,51,"30"" Monitor",90,57
7/22/23,A23446522-c206b101-f8b3-4bbe-a1f4-c674dc3124c8,A59877673,2023-05-22T14:45:38.932Z,closed,Gail Weber,41,Paper Clips,30,51
7/29/23,A23446522-fc220883-6a6e-4eec-b8a9-d5ea58d43c53,A59877673,2023-05-22T14:45:38.932Z,closed,Gail Weber,24,Stapler,60,58
7/28/23,A23446522-42d95fcf-a611-4f97-ba88-20e651645b96,A59877673,2023-05-22T14:45:38.932Z,closed,Gail Weber,39,Office Chair,50,57
7/30/23,A23446522-6d3cbc43-887b-4d37-86a7-cc4246dcbdbe,A59877673,2023-05-22T14:45:38.932Z,closed,Gail Weber,10,File Folders,70,59
6/14/23,A57821861-bb6408d1-d9c3-43b7-b5c4-986239d8c426,A59877673,2023-06-24T15:36:09.161Z,open,,46,Office Desk,40,13
7/21/23,A57821861-2876d968-98e4-4e20-92a9-4f9d45c3f7d4,A59877673,2023-06-24T15:36:09.161Z,open,,17,A4 Paper,20,50
7/7/23,A57821861-fb778d8b-9a3b-4cf2-8e6b-0b33746886f7,A59877673,2023-06-24T15:36:09.161Z,open,,7,"30"" Monitor",90,36
7/17/23,A57821861-fc220883-6a6e-4eec-b8a9-d5ea58d43c53,A59877673,2023-06-24T15:36:09.161Z,open,,36,Stapler,60,46
6/9/23,A58398803-e8b47bbe-990b-48a6-a7c6-d15732f85e06,A59877673,2023-06-03T08:43:07.325Z,closed,Taylor Hilll,48,Printer,80,8
7/23/23,A89580245-c206b101-f8b3-4bbe-a1f4-c674dc3124c8,A59877673,2023-05-21T07:53:17.196Z,assigned,Kristen Mohr,18,Paper Clips,30,52
6/2/23,A89580245-2876d968-98e4-4e20-92a9-4f9d45c3f7d4,A59877673,2023-05-21T07:53:17.196Z,assigned,Kristen Mohr,59,A4 Paper,20,1
6/17/23,A89580245-42d95fcf-a611-4f97-ba88-20e651645b96,A59877673,2023-05-21T07:53:17.196Z,assigned,Kristen Mohr,49,Office Chair,50,16
6/20/23,A89580245-fb778d8b-9a3b-4cf2-8e6b-0b33746886f7,A59877673,2023-05-21T07:53:17.196Z,assigned,Kristen Mohr,11,"30"" Monitor",90,19
6/23/23,A89580245-fc220883-6a6e-4eec-b8a9-d5ea58d43c53,A59877673,2023-05-21T07:53:17.196Z,assigned,Kristen Mohr,14,Stapler,60,22
6/2/23,A50253284-42d95fcf-a611-4f97-ba88-20e651645b96,A59877673,2023-06-25T07:24:31.298Z,closed,Lela Kemmer,53,Office Chair,50,1
7/28/23,A50253284-bb6408d1-d9c3-43b7-b5c4-986239d8c426,A59877673,2023-06-25T07:24:31.298Z,closed,Lela Kemmer,48,Office Desk,40,57
7/15/23,A4527026-fc220883-6a6e-4eec-b8a9-d5ea58d43c53,A59877673,2023-06-02T00:44:59.472Z,assigned,Kristen Mohr,18,Stapler,60,44
6/4/23,A4527026-c206b101-f8b3-4bbe-a1f4-c674dc3124c8,A59877673,2023-06-02T00:44:59.472Z,assigned,Kristen Mohr,44,Paper Clips,30,3
7/12/23,A96520067-bb6408d1-d9c3-43b7-b5c4-986239d8c426,A59877673,2023-05-17T02:05:00.711Z,open,,43,Office Desk,40,41
6/17/23,A96520067-2876d968-98e4-4e20-92a9-4f9d45c3f7d4,A59877673,2023-05-17T02:05:00.711Z,open,,21,A4 Paper,20,16
7/11/23,A96520067-15357af5-0273-465c-81d2-65777835407e,A59877673,2023-05-17T02:05:00.711Z,open,,33,Multifunction Printer,110,40
7/12/23,A96520067-6d3cbc43-887b-4d37-86a7-cc4246dcbdbe,A59877673,2023-05-17T02:05:00.711Z,open,,32,File Folders,70,41
7/25/23,A49707491-e8b47bbe-990b-48a6-a7c6-d15732f85e06,A56421451,2023-05-21T21:58:10.964Z,closed,Kristen Mohr,26,Printer,80,54
6/28/23,A49707491-15357af5-0273-465c-81d2-65777835407e,A56421451,2023-05-21T21:58:10.964Z,closed,Kristen Mohr,51,Multifunction Printer,110,27
7/14/23,A49707491-bb6408d1-d9c3-43b7-b5c4-986239d8c426,A56421451,2023-05-21T21:58:10.964Z,closed,Kristen Mohr,44,Office Desk,40,43
6/7/23,A49707491-fd748d48-699d-4032-848a-e5a710e638df,A56421451,2023-05-21T21:58:10.964Z,closed,Kristen Mohr,11,Paper Shredder,100,6
7/21/23,A49707491-fc220883-6a6e-4eec-b8a9-d5ea58d43c53,A56421451,2023-05-21T21:58:10.964Z,closed,Kristen Mohr,23,Stapler,60,50
7/21/23,A55715793-fb778d8b-9a3b-4cf2-8e6b-0b33746886f7,A56421451,2023-06-08T19:31:38.822Z,assigned,Laverne Koss,47,"30"" Monitor",90,50
7/28/23,A55715793-e8b47bbe-990b-48a6-a7c6-d15732f85e06,A56421451,2023-06-08T19:31:38.822Z,assigned,Laverne Koss,16,Printer,80,57
7/30/23,A55715793-6d3cbc43-887b-4d37-86a7-cc4246dcbdbe,A56421451,2023-06-08T19:31:38.822Z,assigned,Laverne Koss,19,File Folders,70,59
7/8/23,A55715793-fc220883-6a6e-4eec-b8a9-d5ea58d43c53,A56421451,2023-06-08T19:31:38.822Z,assigned,Laverne Koss,38,Stapler,60,37
6/30/23,A55715793-42d95fcf-a611-4f97-ba88-20e651645b96,A56421451,2023-06-08T19:31:38.822Z,assigned,Laverne Koss,20,Office Chair,50,29
7/2/23,A55715793-fd748d48-699d-4032-848a-e5a710e638df,A56421451,2023-06-08T19:31:38.822Z,assigned,Laverne Koss,43,Paper Shredder,100,31
7/13/23,A55715793-bb6408d1-d9c3-43b7-b5c4-986239d8c426,A56421451,2023-06-08T19:31:38.822Z,assigned,Laverne Koss,37,Office Desk,40,42
7/16/23,A11661693-c206b101-f8b3-4bbe-a1f4-c674dc3124c8,A56421451,2023-05-30T10:36:08.531Z,assigned,Latoya Gulgowski,51,Paper Clips,30,45
6/24/23,A11661693-42d95fcf-a611-4f97-ba88-20e651645b96,A56421451,2023-05-30T10:36:08.531Z,assigned,Latoya Gulgowski,34,Office Chair,50,23
6/19/23,A11661693-fd748d48-699d-4032-848a-e5a710e638df,A56421451,2023-05-30T10:36:08.531Z,assigned,Latoya Gulgowski,26,Paper Shredder,100,18
7/20/23,A58633845-15357af5-0273-465c-81d2-65777835407e,A56421451,2023-05-05T07:43:03.043Z,assigned,Erick Quigley,6,Multifunction Printer,110,49
7/1/23,A58633845-2876d968-98e4-4e20-92a9-4f9d45c3f7d4,A56421451,2023-05-05T07:43:03.043Z,assigned,Erick Quigley,60,A4 Paper,20,30
6/1/23,A58633845-c206b101-f8b3-4bbe-a1f4-c674dc3124c8,A56421451,2023-05-05T07:43:03.043Z,assigned,Erick Quigley,30,Paper Clips,30,0
6/30/23,A13440511-42d95fcf-a611-4f97-ba88-20e651645b96,A56421451,2023-06-22T05:23:50.032Z,closed,Alfredo Bins,25,Office Chair,50,29
7/10/23,A13440511-bb6408d1-d9c3-43b7-b5c4-986239d8c426,A56421451,2023-06-22T05:23:50.032Z,closed,Alfredo Bins,42,Office Desk,40,39
7/2/23,A13440511-6d3cbc43-887b-4d37-86a7-cc4246dcbdbe,A56421451,2023-06-22T05:23:50.032Z,closed,Alfredo Bins,33,File Folders,70,31
7/6/23,A13440511-15357af5-0273-465c-81d2-65777835407e,A56421451,2023-06-22T05:23:50.032Z,closed,Alfredo Bins,59,Multifunction Printer,110,35
6/7/23,A13440511-2876d968-98e4-4e20-92a9-4f9d45c3f7d4,A56421451,2023-06-22T05:23:50.032Z,closed,Alfredo Bins,57,A4 Paper,20,6
6/8/23,A64078427-15357af5-0273-465c-81d2-65777835407e,A56421451,2023-06-19T08:05:19.178Z,closed,Erick Quigley,10,Multifunction Printer,110,7
6/29/23,A64078427-6d3cbc43-887b-4d37-86a7-cc4246dcbdbe,A56421451,2023-06-19T08:05:19.178Z,closed,Erick Quigley,59,File Folders,70,28
6/6/23,A64078427-2876d968-98e4-4e20-92a9-4f9d45c3f7d4,A56421451,2023-06-19T08:05:19.178Z,closed,Erick Quigley,33,A4 Paper,20,5
7/18/23,A2629792-6d3cbc43-887b-4d37-86a7-cc4246dcbdbe,A206721,2023-06-08T09:48:32.703Z,closed,Lela Kemmer,23,File Folders,70,47
6/26/23,A2629792-c206b101-f8b3-4bbe-a1f4-c674dc3124c8,A206721,2023-06-08T09:48:32.703Z,closed,Lela Kemmer,33,Paper Clips,30,25
7/9/23,A2629792-bb6408d1-d9c3-43b7-b5c4-986239d8c426,A206721,2023-06-08T09:48:32.703Z,closed,Lela Kemmer,30,Office Desk,40,38
6/14/23,A1403148-2876d968-98e4-4e20-92a9-4f9d45c3f7d4,A206721,2023-05-26T06:33:27.078Z,assigned,Gail Weber,31,A4 Paper,20,13
7/9/23,A1403148-c206b101-f8b3-4bbe-a1f4-c674dc3124c8,A206721,2023-05-26T06:33:27.078Z,assigned,Gail Weber,28,Paper Clips,30,38
7/22/23,A81227553-e8b47bbe-990b-48a6-a7c6-d15732f85e06,A88692123,2023-06-09T05:15:25.381Z,closed,Laverne Koss,10,Printer,80,51
7/25/23,A81227553-6d3cbc43-887b-4d37-86a7-cc4246dcbdbe,A88692123,2023-06-09T05:15:25.381Z,closed,Laverne Koss,51,File Folders,70,54
7/2/23,A81227553-fd748d48-699d-4032-848a-e5a710e638df,A88692123,2023-06-09T05:15:25.381Z,closed,Laverne Koss,32,Paper Shredder,100,31
7/12/23,A81227553-c206b101-f8b3-4bbe-a1f4-c674dc3124c8,A88692123,2023-06-09T05:15:25.381Z,closed,Laverne Koss,34,Paper Clips,30,41
6/17/23,A2494962-e8b47bbe-990b-48a6-a7c6-d15732f85e06,A88692123,2023-06-02T14:05:21.961Z,assigned,Kristen Mohr,18,Printer,80,16
7/27/23,A2494962-bb6408d1-d9c3-43b7-b5c4-986239d8c426,A88692123,2023-06-02T14:05:21.961Z,assigned,Kristen Mohr,57,Office Desk,40,56
6/4/23,A2494962-fc220883-6a6e-4eec-b8a9-d5ea58d43c53,A88692123,2023-06-02T14:05:21.961Z,assigned,Kristen Mohr,32,Stapler,60,3
6/7/23,A2494962-fd748d48-699d-4032-848a-e5a710e638df,A88692123,2023-06-02T14:05:21.961Z,assigned,Kristen Mohr,31,Paper Shredder,100,6
6/10/23,A2494962-2876d968-98e4-4e20-92a9-4f9d45c3f7d4,A88692123,2023-06-02T14:05:21.961Z,assigned,Kristen Mohr,35,A4 Paper,20,9
6/23/23,A2494962-15357af5-0273-465c-81d2-65777835407e,A88692123,2023-06-02T14:05:21.961Z,assigned,Kristen Mohr,44,Multifunction Printer,110,22
7/17/23,A2494962-6d3cbc43-887b-4d37-86a7-cc4246dcbdbe,A88692123,2023-06-02T14:05:21.961Z,assigned,Kristen Mohr,11,File Folders,70,46
7/8/23,A2494962-42d95fcf-a611-4f97-ba88-20e651645b96,A88692123,2023-06-02T14:05:21.961Z,assigned,Kristen Mohr,22,Office Chair,50,37
6/3/23,A2494962-c206b101-f8b3-4bbe-a1f4-c674dc3124c8,A88692123,2023-06-02T14:05:21.961Z,assigned,Kristen Mohr,33,Paper Clips,30,2
7/27/23,A26812426-e8b47bbe-990b-48a6-a7c6-d15732f85e06,A88692123,2023-05-18T07:06:17.746Z,assigned,Taylor Hilll,55,Printer,80,56
6/26/23,A26812426-bb6408d1-d9c3-43b7-b5c4-986239d8c426,A88692123,2023-05-18T07:06:17.746Z,assigned,Taylor Hilll,7,Office Desk,40,25
6/17/23,A26812426-fc220883-6a6e-4eec-b8a9-d5ea58d43c53,A88692123,2023-05-18T07:06:17.746Z,assigned,Taylor Hilll,9,Stapler,60,16
6/22/23,A26812426-2876d968-98e4-4e20-92a9-4f9d45c3f7d4,A88692123,2023-05-18T07:06:17.746Z,assigned,Taylor Hilll,46,A4 Paper,20,21
7/16/23,A26812426-42d95fcf-a611-4f97-ba88-20e651645b96,A88692123,2023-05-18T07:06:17.746Z,assigned,Taylor Hilll,57,Office Chair,50,45
6/19/23,A26341188-c206b101-f8b3-4bbe-a1f4-c674dc3124c8,A88692123,2023-06-03T05:03:58.124Z,assigned,Alfredo Bins,46,Paper Clips,30,18
6/26/23,A44734024-fd748d48-699d-4032-848a-e5a710e638df,A88692123,2023-05-26T18:44:24.090Z,assigned,Lela Kemmer,19,Paper Shredder,100,25
7/1/23,A58098564-bb6408d1-d9c3-43b7-b5c4-986239d8c426,A88692123,2023-05-14T11:44:19.229Z,open,,9,Office Desk,40,30
7/4/23,A58098564-fc220883-6a6e-4eec-b8a9-d5ea58d43c53,A88692123,2023-05-14T11:44:19.229Z,open,,57,Stapler,60,33
7/7/23,A58098564-2876d968-98e4-4e20-92a9-4f9d45c3f7d4,A88692123,2023-05-14T11:44:19.229Z,open,,50,A4 Paper,20,36
6/19/23,A58098564-6d3cbc43-887b-4d37-86a7-cc4246dcbdbe,A88692123,2023-05-14T11:44:19.229Z,open,,46,File Folders,70,18
7/21/23,A58098564-42d95fcf-a611-4f97-ba88-20e651645b96,A88692123,2023-05-14T11:44:19.229Z,open,,32,Office Chair,50,50
7/7/23,A86440500-42d95fcf-a611-4f97-ba88-20e651645b96,A88692123,2023-06-03T10:41:15.492Z,assigned,Lorraine Bahringer,23,Office Chair,50,36
6/17/23,A86440500-c206b101-f8b3-4bbe-a1f4-c674dc3124c8,A88692123,2023-06-03T10:41:15.492Z,assigned,Lorraine Bahringer,18,Paper Clips,30,16
6/25/23,A86440500-15357af5-0273-465c-81d2-65777835407e,A88692123,2023-06-03T10:41:15.492Z,assigned,Lorraine Bahringer,31,Multifunction Printer,110,24
6/16/23,A86440500-fd748d48-699d-4032-848a-e5a710e638df,A88692123,2023-06-03T10:41:15.492Z,assigned,Lorraine Bahringer,17,Paper Shredder,100,15
7/14/23,A95377528-bb6408d1-d9c3-43b7-b5c4-986239d8c426,A79212109,2023-05-20T07:12:32.857Z,assigned,Latoya Gulgowski,47,Office Desk,40,43
7/13/23,A95377528-6d3cbc43-887b-4d37-86a7-cc4246dcbdbe,A79212109,2023-05-20T07:12:32.857Z,assigned,Latoya Gulgowski,10,File Folders,70,42
7/25/23,A95377528-fd748d48-699d-4032-848a-e5a710e638df,A79212109,2023-05-20T07:12:32.857Z,assigned,Latoya Gulgowski,30,Paper Shredder,100,54
6/22/23,A95377528-fc220883-6a6e-4eec-b8a9-d5ea58d43c53,A79212109,2023-05-20T07:12:32.857Z,assigned,Latoya Gulgowski,58,Stapler,60,21
7/9/23,A36930145-42d95fcf-a611-4f97-ba88-20e651645b96,A79212109,2023-04-25T23:19:46.882Z,closed,Alfredo Bins,10,Office Chair,50,38
7/26/23,A36930145-6d3cbc43-887b-4d37-86a7-cc4246dcbdbe,A79212109,2023-04-25T23:19:46.882Z,closed,Alfredo Bins,14,File Folders,70,55
7/6/23,A36930145-2876d968-98e4-4e20-92a9-4f9d45c3f7d4,A79212109,2023-04-25T23:19:46.882Z,closed,Alfredo Bins,37,A4 Paper,20,35
7/2/23,A53309464-fd748d48-699d-4032-848a-e5a710e638df,A79212109,2023-05-28T12:11:48.382Z,assigned,Lela Kemmer,27,Paper Shredder,100,31
6/25/23,A53309464-42d95fcf-a611-4f97-ba88-20e651645b96,A79212109,2023-05-28T12:11:48.382Z,assigned,Lela Kemmer,37,Office Chair,50,24
6/22/23,A53309464-e8b47bbe-990b-48a6-a7c6-d15732f85e06,A79212109,2023-05-28T12:11:48.382Z,assigned,Lela Kemmer,48,Printer,80,21
7/16/23,A53309464-c206b101-f8b3-4bbe-a1f4-c674dc3124c8,A79212109,2023-05-28T12:11:48.382Z,assigned,Lela Kemmer,54,Paper Clips,30,45
6/8/23,A53309464-fc220883-6a6e-4eec-b8a9-d5ea58d43c53,A79212109,2023-05-28T12:11:48.382Z,assigned,Lela Kemmer,36,Stapler,60,7
7/23/23,A53309464-bb6408d1-d9c3-43b7-b5c4-986239d8c426,A79212109,2023-05-28T12:11:48.382Z,assigned,Lela Kemmer,19,Office Desk,40,52
7/9/23,A50303795-2876d968-98e4-4e20-92a9-4f9d45c3f7d4,A91395297,2023-06-27T17:22:02.588Z,closed,Lorraine Bahringer,48,A4 Paper,20,38
6/23/23,A50303795-c206b101-f8b3-4bbe-a1f4-c674dc3124c8,A91395297,2023-06-27T17:22:02.588Z,closed,Lorraine Bahringer,31,Paper Clips,30,22
7/27/23,A50303795-fb778d8b-9a3b-4cf2-8e6b-0b33746886f7,A91395297,2023-06-27T17:22:02.588Z,closed,Lorraine Bahringer,6,"30"" Monitor",90,56
7/20/23,A50303795-bb6408d1-d9c3-43b7-b5c4-986239d8c426,A91395297,2023-06-27T17:22:02.588Z,closed,Lorraine Bahringer,11,Office Desk,40,49
6/3/23,A50303795-42d95fcf-a611-4f97-ba88-20e651645b96,A91395297,2023-06-27T17:22:02.588Z,closed,Lorraine Bahringer,5,Office Chair,50,2
6/23/23,A15777717-bb6408d1-d9c3-43b7-b5c4-986239d8c426,A91395297,2023-05-03T14:34:15.015Z,assigned,Taylor Hilll,36,Office Desk,40,22
7/30/23,A15777717-fb778d8b-9a3b-4cf2-8e6b-0b33746886f7,A91395297,2023-05-03T14:34:15.015Z,assigned,Taylor Hilll,42,"30"" Monitor",90,59
6/6/23,A15777717-fc220883-6a6e-4eec-b8a9-d5ea58d43c53,A91395297,2023-05-03T14:34:15.015Z,assigned,Taylor Hilll,51,Stapler,60,5
6/16/23,A15777717-42d95fcf-a611-4f97-ba88-20e651645b96,A91395297,2023-05-03T14:34:15.015Z,assigned,Taylor Hilll,25,Office Chair,50,15
6/4/23,A15777717-c206b101-f8b3-4bbe-a1f4-c674dc3124c8,A91395297,2023-05-03T14:34:15.015Z,assigned,Taylor Hilll,45,Paper Clips,30,3
7/4/23,A15777717-fd748d48-699d-4032-848a-e5a710e638df,A91395297,2023-05-03T14:34:15.015Z,assigned,Taylor Hilll,30,Paper Shredder,100,33
7/8/23,A15777717-6d3cbc43-887b-4d37-86a7-cc4246dcbdbe,A91395297,2023-05-03T14:34:15.015Z,assigned,Taylor Hilll,16,File Folders,70,37
6/27/23,A15997688-2876d968-98e4-4e20-92a9-4f9d45c3f7d4,A91395297,2023-05-30T21:14:52.974Z,assigned,Laverne Koss,28,A4 Paper,20,26
7/6/23,A15997688-42d95fcf-a611-4f97-ba88-20e651645b96,A91395297,2023-05-30T21:14:52.974Z,assigned,Laverne Koss,50,Office Chair,50,35
7/12/23,A15997688-bb6408d1-d9c3-43b7-b5c4-986239d8c426,A91395297,2023-05-30T21:14:52.974Z,assigned,Laverne Koss,31,Office Desk,40,41
6/25/23,A15997688-15357af5-0273-465c-81d2-65777835407e,A91395297,2023-05-30T21:14:52.974Z,assigned,Laverne Koss,13,Multifunction Printer,110,24
7/2/23,A17767045-e8b47bbe-990b-48a6-a7c6-d15732f85e06,A91395297,2023-05-03T04:31:09.048Z,assigned,Kristen Mohr,5,Printer,80,31
6/2/23,A17767045-fb778d8b-9a3b-4cf2-8e6b-0b33746886f7,A91395297,2023-05-03T04:31:09.048Z,assigned,Kristen Mohr,14,"30"" Monitor",90,1
6/6/23,A17767045-2876d968-98e4-4e20-92a9-4f9d45c3f7d4,A91395297,2023-05-03T04:31:09.048Z,assigned,Kristen Mohr,16,A4 Paper,20,5
6/3/23,A17767045-6d3cbc43-887b-4d37-86a7-cc4246dcbdbe,A91395297,2023-05-03T04:31:09.048Z,assigned,Kristen Mohr,41,File Folders,70,2
7/17/23,A58369931-2876d968-98e4-4e20-92a9-4f9d45c3f7d4,A98245419,2023-05-12T16:39:19.053Z,closed,Taylor Hilll,14,A4 Paper,20,46
6/3/23,A58369931-42d95fcf-a611-4f97-ba88-20e651645b96,A98245419,2023-05-12T16:39:19.053Z,closed,Taylor Hilll,47,Office Chair,50,2
6/13/23,A58369931-6d3cbc43-887b-4d37-86a7-cc4246dcbdbe,A98245419,2023-05-12T16:39:19.053Z,closed,Taylor Hilll,9,File Folders,70,12
7/3/23,A58369931-fc220883-6a6e-4eec-b8a9-d5ea58d43c53,A98245419,2023-05-12T16:39:19.053Z,closed,Taylor Hilll,38,Stapler,60,32
7/19/23,A58369931-c206b101-f8b3-4bbe-a1f4-c674dc3124c8,A98245419,2023-05-12T16:39:19.053Z,closed,Taylor Hilll,18,Paper Clips,30,48
7/15/23,A73270129-6d3cbc43-887b-4d37-86a7-cc4246dcbdbe,A98245419,2023-06-22T07:38:26.529Z,closed,John Dooley,38,File Folders,70,44
7/8/23,A73270129-15357af5-0273-465c-81d2-65777835407e,A98245419,2023-06-22T07:38:26.529Z,closed,John Dooley,36,Multifunction Printer,110,37
7/11/23,A73270129-2876d968-98e4-4e20-92a9-4f9d45c3f7d4,A98245419,2023-06-22T07:38:26.529Z,closed,John Dooley,26,A4 Paper,20,40
7/10/23,A73270129-e8b47bbe-990b-48a6-a7c6-d15732f85e06,A98245419,2023-06-22T07:38:26.529Z,closed,John Dooley,7,Printer,80,39
7/24/23,A86640225-c206b101-f8b3-4bbe-a1f4-c674dc3124c8,A98245419,2023-06-05T12:05:19.861Z,assigned,Lela Kemmer,16,Paper Clips,30,53
6/25/23,A6661559-fd748d48-699d-4032-848a-e5a710e638df,A98245419,2023-05-22T14:52:07.854Z,open,,41,Paper Shredder,100,24
6/15/23,A6661559-fc220883-6a6e-4eec-b8a9-d5ea58d43c53,A98245419,2023-05-22T14:52:07.854Z,open,,31,Stapler,60,14
6/1/23,A95828153-c206b101-f8b3-4bbe-a1f4-c674dc3124c8,A75415231,2023-05-13T23:29:34.562Z,assigned,John Dooley,36,Paper Clips,30,0
7/10/23,A95828153-fb778d8b-9a3b-4cf2-8e6b-0b33746886f7,A75415231,2023-05-13T23:29:34.562Z,assigned,John Dooley,36,"30"" Monitor",90,39
6/29/23,A95828153-bb6408d1-d9c3-43b7-b5c4-986239d8c426,A75415231,2023-05-13T23:29:34.562Z,assigned,John Dooley,54,Office Desk,40,28
7/6/23,A95828153-42d95fcf-a611-4f97-ba88-20e651645b96,A75415231,2023-05-13T23:29:34.562Z,assigned,John Dooley,35,Office Chair,50,35
6/13/23,A95828153-e8b47bbe-990b-48a6-a7c6-d15732f85e06,A75415231,2023-05-13T23:29:34.562Z,assigned,John Dooley,17,Printer,80,12
6/29/23,A66464850-c206b101-f8b3-4bbe-a1f4-c674dc3124c8,A75415231,2023-06-17T16:52:06.585Z,assigned,John Dooley,51,Paper Clips,30,28
6/21/23,A66464850-fb778d8b-9a3b-4cf2-8e6b-0b33746886f7,A75415231,2023-06-17T16:52:06.585Z,assigned,John Dooley,56,"30"" Monitor",90,20
6/10/23,A8144497-e8b47bbe-990b-48a6-a7c6-d15732f85e06,A94201908,2023-06-22T20:10:26.548Z,closed,Kristen Mohr,37,Printer,80,9
7/11/23,A8144497-2876d968-98e4-4e20-92a9-4f9d45c3f7d4,A94201908,2023-06-22T20:10:26.548Z,closed,Kristen Mohr,25,A4 Paper,20,40
7/24/23,A8144497-fb778d8b-9a3b-4cf2-8e6b-0b33746886f7,A94201908,2023-06-22T20:10:26.548Z,closed,Kristen Mohr,6,"30"" Monitor",90,53
7/26/23,A8144497-c206b101-f8b3-4bbe-a1f4-c674dc3124c8,A94201908,2023-06-22T20:10:26.548Z,closed,Kristen Mohr,58,Paper Clips,30,55
6/15/23,A90934179-bb6408d1-d9c3-43b7-b5c4-986239d8c426,A94201908,2023-05-23T00:42:47.943Z,assigned,Alfredo Bins,22,Office Desk,40,14
7/27/23,A90934179-42d95fcf-a611-4f97-ba88-20e651645b96,A94201908,2023-05-23T00:42:47.943Z,assigned,Alfredo Bins,43,Office Chair,50,56
7/16/23,A31854563-15357af5-0273-465c-81d2-65777835407e,A94201908,2023-05-27T16:02:02.204Z,closed,Kristen Mohr,51,Multifunction Printer,110,45
6/11/23,A31854563-e8b47bbe-990b-48a6-a7c6-d15732f85e06,A94201908,2023-05-27T16:02:02.204Z,closed,Kristen Mohr,26,Printer,80,10
7/19/23,A31854563-bb6408d1-d9c3-43b7-b5c4-986239d8c426,A94201908,2023-05-27T16:02:02.204Z,closed,Kristen Mohr,24,Office Desk,40,48
6/6/23,A31854563-fb778d8b-9a3b-4cf2-8e6b-0b33746886f7,A94201908,2023-05-27T16:02:02.204Z,closed,Kristen Mohr,15,"30"" Monitor",90,5
6/28/23,A31854563-2876d968-98e4-4e20-92a9-4f9d45c3f7d4,A94201908,2023-05-27T16:02:02.204Z,closed,Kristen Mohr,36,A4 Paper,20,27
6/16/23,A31854563-42d95fcf-a611-4f97-ba88-20e651645b96,A94201908,2023-05-27T16:02:02.204Z,closed,Kristen Mohr,37,Office Chair,50,15
6/2/23,A17351508-fd748d48-699d-4032-848a-e5a710e638df,A94201908,2023-06-30T01:43:14.259Z,closed,Alfredo Bins,16,Paper Shredder,100,1
6/29/23,A17351508-15357af5-0273-465c-81d2-65777835407e,A94201908,2023-06-30T01:43:14.259Z,closed,Alfredo Bins,52,Multifunction Printer,110,28
7/22/23,A17351508-c206b101-f8b3-4bbe-a1f4-c674dc3124c8,A94201908,2023-06-30T01:43:14.259Z,closed,Alfredo Bins,56,Paper Clips,30,51
7/13/23,A17351508-e8b47bbe-990b-48a6-a7c6-d15732f85e06,A94201908,2023-06-30T01:43:14.259Z,closed,Alfredo Bins,16,Printer,80,42
7/2/23,A69256104-c206b101-f8b3-4bbe-a1f4-c674dc3124c8,A94201908,2023-05-28T08:12:03.384Z,closed,Alfredo Bins,31,Paper Clips,30,31
7/30/23,A69256104-42d95fcf-a611-4f97-ba88-20e651645b96,A94201908,2023-05-28T08:12:03.384Z,closed,Alfredo Bins,18,Office Chair,50,59
6/22/23,A28496095-6d3cbc43-887b-4d37-86a7-cc4246dcbdbe,A94201908,2023-05-07T16:32:07.302Z,assigned,John Dooley,23,File Folders,70,21
6/2/23,A28496095-42d95fcf-a611-4f97-ba88-20e651645b96,A94201908,2023-05-07T16:32:07.302Z,assigned,John Dooley,6,Office Chair,50,1
7/26/23,A28496095-e8b47bbe-990b-48a6-a7c6-d15732f85e06,A94201908,2023-05-07T16:32:07.302Z,assigned,John Dooley,29,Printer,80,55
7/28/23,A28496095-bb6408d1-d9c3-43b7-b5c4-986239d8c426,A94201908,2023-05-07T16:32:07.302Z,assigned,John Dooley,8,Office Desk,40,57
7/19/23,A28496095-c206b101-f8b3-4bbe-a1f4-c674dc3124c8,A94201908,2023-05-07T16:32:07.302Z,assigned,John Dooley,38,Paper Clips,30,48
6/22/23,A28496095-fd748d48-699d-4032-848a-e5a710e638df,A94201908,2023-05-07T16:32:07.302Z,assigned,John Dooley,30,Paper Shredder,100,21
7/9/23,A28496095-15357af5-0273-465c-81d2-65777835407e,A94201908,2023-05-07T16:32:07.302Z,assigned,John Dooley,30,Multifunction Printer,110,38
7/25/23,A28496095-fc220883-6a6e-4eec-b8a9-d5ea58d43c53,A94201908,2023-05-07T16:32:07.302Z,assigned,John Dooley,51,Stapler,60,54
7/14/23,A19183848-bb6408d1-d9c3-43b7-b5c4-986239d8c426,A94201908,2023-05-09T22:25:27.378Z,closed,Latoya Gulgowski,19,Office Desk,40,43
6/13/23,A19183848-fc220883-6a6e-4eec-b8a9-d5ea58d43c53,A94201908,2023-05-09T22:25:27.378Z,closed,Latoya Gulgowski,27,Stapler,60,12
7/20/23,A42657692-2876d968-98e4-4e20-92a9-4f9d45c3f7d4,A94201908,2023-06-08T20:58:15.115Z,assigned,Taylor Hilll,34,A4 Paper,20,49
7/24/23,A42657692-fd748d48-699d-4032-848a-e5a710e638df,A94201908,2023-06-08T20:58:15.115Z,assigned,Taylor Hilll,45,Paper Shredder,100,53
7/10/23,A42657692-c206b101-f8b3-4bbe-a1f4-c674dc3124c8,A94201908,2023-06-08T20:58:15.115Z,assigned,Taylor Hilll,26,Paper Clips,30,39
6/27/23,A42657692-fc220883-6a6e-4eec-b8a9-d5ea58d43c53,A94201908,2023-06-08T20:58:15.115Z,assigned,Taylor Hilll,56,Stapler,60,26
6/1/23,A78902267-c206b101-f8b3-4bbe-a1f4-c674dc3124c8,A94201908,2023-05-17T07:28:56.083Z,closed,Erick Quigley,28,Paper Clips,30,0
6/10/23,A78902267-fd748d48-699d-4032-848a-e5a710e638df,A94201908,2023-05-17T07:28:56.083Z,closed,Erick Quigley,47,Paper Shredder,100,9
6/10/23,A78902267-15357af5-0273-465c-81d2-65777835407e,A94201908,2023-05-17T07:28:56.083Z,closed,Erick Quigley,31,Multifunction Printer,110,9
6/9/23,A78902267-bb6408d1-d9c3-43b7-b5c4-986239d8c426,A94201908,2023-05-17T07:28:56.083Z,closed,Erick Quigley,15,Office Desk,40,8
6/14/23,A78902267-6d3cbc43-887b-4d37-86a7-cc4246dcbdbe,A94201908,2023-05-17T07:28:56.083Z,closed,Erick Quigley,15,File Folders,70,13
6/23/23,A70587176-e8b47bbe-990b-48a6-a7c6-d15732f85e06,A60051695,2023-05-24T04:17:44.865Z,assigned,Gail Weber,39,Printer,80,22
7/29/23,A70587176-2876d968-98e4-4e20-92a9-4f9d45c3f7d4,A60051695,2023-05-24T04:17:44.865Z,assigned,Gail Weber,52,A4 Paper,20,58
7/16/23,A70587176-fb778d8b-9a3b-4cf2-8e6b-0b33746886f7,A60051695,2023-05-24T04:17:44.865Z,assigned,Gail Weber,40,"30"" Monitor",90,45
6/18/23,A99899032-fc220883-6a6e-4eec-b8a9-d5ea58d43c53,A60051695,2023-05-16T21:16:27.199Z,assigned,Erick Quigley,34,Stapler,60,17
6/2/23,A99899032-15357af5-0273-465c-81d2-65777835407e,A60051695,2023-05-16T21:16:27.199Z,assigned,Erick Quigley,17,Multifunction Printer,110,1
7/28/23,A85236039-15357af5-0273-465c-81d2-65777835407e,A60051695,2023-06-12T09:55:17.537Z,assigned,Taylor Hilll,38,Multifunction Printer,110,57
7/17/23,A85236039-fb778d8b-9a3b-4cf2-8e6b-0b33746886f7,A60051695,2023-06-12T09:55:17.537Z,assigned,Taylor Hilll,7,"30"" Monitor",90,46
7/23/23,A85236039-fd748d48-699d-4032-848a-e5a710e638df,A60051695,2023-06-12T09:55:17.537Z,assigned,Taylor Hilll,31,Paper Shredder,100,52
7/26/23,A9197540-15357af5-0273-465c-81d2-65777835407e,A97740554,2023-05-10T12:54:38.236Z,closed,Gail Weber,48,Multifunction Printer,110,55
7/2/23,A9197540-c206b101-f8b3-4bbe-a1f4-c674dc3124c8,A97740554,2023-05-10T12:54:38.236Z,closed,Gail Weber,47,Paper Clips,30,31
7/13/23,A9197540-2876d968-98e4-4e20-92a9-4f9d45c3f7d4,A97740554,2023-05-10T12:54:38.236Z,closed,Gail Weber,14,A4 Paper,20,42
6/13/23,A9197540-fc220883-6a6e-4eec-b8a9-d5ea58d43c53,A97740554,2023-05-10T12:54:38.236Z,closed,Gail Weber,23,Stapler,60,12
7/7/23,A9197540-6d3cbc43-887b-4d37-86a7-cc4246dcbdbe,A97740554,2023-05-10T12:54:38.236Z,closed,Gail Weber,54,File Folders,70,36
6/14/23,A29196689-6d3cbc43-887b-4d37-86a7-cc4246dcbdbe,A97740554,2023-06-07T13:52:05.933Z,assigned,Taylor Hilll,44,File Folders,70,13
7/20/23,A29196689-e8b47bbe-990b-48a6-a7c6-d15732f85e06,A97740554,2023-06-07T13:52:05.933Z,assigned,Taylor Hilll,37,Printer,80,49
6/11/23,A29196689-bb6408d1-d9c3-43b7-b5c4-986239d8c426,A97740554,2023-06-07T13:52:05.933Z,assigned,Taylor Hilll,27,Office Desk,40,10
6/9/23,A29196689-15357af5-0273-465c-81d2-65777835407e,A97740554,2023-06-07T13:52:05.933Z,assigned,Taylor Hilll,33,Multifunction Printer,110,8
6/4/23,A29196689-2876d968-98e4-4e20-92a9-4f9d45c3f7d4,A97740554,2023-06-07T13:52:05.933Z,assigned,Taylor Hilll,38,A4 Paper,20,3
6/1/23,A54423035-fb778d8b-9a3b-4cf2-8e6b-0b33746886f7,A97740554,2023-05-25T19:51:54.768Z,assigned,Erick Quigley,49,"30"" Monitor",90,0
7/12/23,A54423035-6d3cbc43-887b-4d37-86a7-cc4246dcbdbe,A97740554,2023-05-25T19:51:54.768Z,assigned,Erick Quigley,18,File Folders,70,41
6/26/23,A54423035-2876d968-98e4-4e20-92a9-4f9d45c3f7d4,A97740554,2023-05-25T19:51:54.768Z,assigned,Erick Quigley,34,A4 Paper,20,25
6/29/23,A9740226-c206b101-f8b3-4bbe-a1f4-c674dc3124c8,A97740554,2023-04-30T21:18:55.183Z,open,,47,Paper Clips,30,28
6/11/23,A9740226-15357af5-0273-465c-81d2-65777835407e,A97740554,2023-04-30T21:18:55.183Z,open,,35,Multifunction Printer,110,10
7/8/23,A9740226-fc220883-6a6e-4eec-b8a9-d5ea58d43c53,A97740554,2023-04-30T21:18:55.183Z,open,,41,Stapler,60,37
6/12/23,A9740226-bb6408d1-d9c3-43b7-b5c4-986239d8c426,A97740554,2023-04-30T21:18:55.183Z,open,,38,Office Desk,40,11
7/9/23,A9740226-e8b47bbe-990b-48a6-a7c6-d15732f85e06,A97740554,2023-04-30T21:18:55.183Z,open,,46,Printer,80,38
6/16/23,A58507874-e8b47bbe-990b-48a6-a7c6-d15732f85e06,A71882351,2023-05-06T00:10:37.065Z,assigned,Alfredo Bins,19,Printer,80,15
6/6/23,A58507874-c206b101-f8b3-4bbe-a1f4-c674dc3124c8,A71882351,2023-05-06T00:10:37.065Z,assigned,Alfredo Bins,47,Paper Clips,30,5
7/10/23,A58507874-6d3cbc43-887b-4d37-86a7-cc4246dcbdbe,A71882351,2023-05-06T00:10:37.065Z,assigned,Alfredo Bins,45,File Folders,70,39
6/28/23,A58507874-fd748d48-699d-4032-848a-e5a710e638df,A71882351,2023-05-06T00:10:37.065Z,assigned,Alfredo Bins,21,Paper Shredder,100,27
7/23/23,A58507874-bb6408d1-d9c3-43b7-b5c4-986239d8c426,A71882351,2023-05-06T00:10:37.065Z,assigned,Alfredo Bins,47,Office Desk,40,52
6/29/23,A58507874-2876d968-98e4-4e20-92a9-4f9d45c3f7d4,A71882351,2023-05-06T00:10:37.065Z,assigned,Alfredo Bins,30,A4 Paper,20,28
6/29/23,A58507874-42d95fcf-a611-4f97-ba88-20e651645b96,A71882351,2023-05-06T00:10:37.065Z,assigned,Alfredo Bins,29,Office Chair,50,28
6/23/23,A55577662-2876d968-98e4-4e20-92a9-4f9d45c3f7d4,A71882351,2023-06-02T07:05:52.703Z,open,,57,A4 Paper,20,22
7/27/23,A55577662-bb6408d1-d9c3-43b7-b5c4-986239d8c426,A71882351,2023-06-02T07:05:52.703Z,open,,38,Office Desk,40,56
7/17/23,A6406257-bb6408d1-d9c3-43b7-b5c4-986239d8c426,A71882351,2023-05-11T01:50:19.770Z,assigned,Erick Quigley,44,Office Desk,40,46
7/27/23,A6406257-c206b101-f8b3-4bbe-a1f4-c674dc3124c8,A71882351,2023-05-11T01:50:19.770Z,assigned,Erick Quigley,45,Paper Clips,30,56
7/18/23,A6406257-fb778d8b-9a3b-4cf2-8e6b-0b33746886f7,A71882351,2023-05-11T01:50:19.770Z,assigned,Erick Quigley,36,"30"" Monitor",90,47
7/1/23,A81719282-fc220883-6a6e-4eec-b8a9-d5ea58d43c53,A71882351,2023-06-14T14:17:07.211Z,open,,42,Stapler,60,30
6/20/23,A81719282-bb6408d1-d9c3-43b7-b5c4-986239d8c426,A71882351,2023-06-14T14:17:07.211Z,open,,58,Office Desk,40,19
7/27/23,A81719282-c206b101-f8b3-4bbe-a1f4-c674dc3124c8,A71882351,2023-06-14T14:17:07.211Z,open,,33,Paper Clips,30,56
7/2/23,A81719282-e8b47bbe-990b-48a6-a7c6-d15732f85e06,A71882351,2023-06-14T14:17:07.211Z,open,,18,Printer,80,31
7/30/23,A81719282-2876d968-98e4-4e20-92a9-4f9d45c3f7d4,A71882351,2023-06-14T14:17:07.211Z,open,,22,A4 Paper,20,59
6/5/23,A63900010-e8b47bbe-990b-48a6-a7c6-d15732f85e06,A71882351,2023-04-24T07:54:50.654Z,assigned,Taylor Hilll,38,Printer,80,4
7/22/23,A63900010-bb6408d1-d9c3-43b7-b5c4-986239d8c426,A71882351,2023-04-24T07:54:50.654Z,assigned,Taylor Hilll,29,Office Desk,40,51
6/1/23,A96579351-15357af5-0273-465c-81d2-65777835407e,A71882351,2023-05-08T06:06:21.520Z,open,,37,Multifunction Printer,110,0
7/18/23,A96579351-6d3cbc43-887b-4d37-86a7-cc4246dcbdbe,A71882351,2023-05-08T06:06:21.520Z,open,,60,File Folders,70,47
6/11/23,A96579351-fc220883-6a6e-4eec-b8a9-d5ea58d43c53,A71882351,2023-05-08T06:06:21.520Z,open,,12,Stapler,60,10
7/7/23,A65231780-6d3cbc43-887b-4d37-86a7-cc4246dcbdbe,A71882351,2023-05-22T13:20:39.672Z,assigned,Erick Quigley,14,File Folders,70,36
7/22/23,A65231780-42d95fcf-a611-4f97-ba88-20e651645b96,A71882351,2023-05-22T13:20:39.672Z,assigned,Erick Quigley,13,Office Chair,50,51
6/10/23,A65231780-c206b101-f8b3-4bbe-a1f4-c674dc3124c8,A71882351,2023-05-22T13:20:39.672Z,assigned,Erick Quigley,19,Paper Clips,30,9
7/8/23,A65231780-fd748d48-699d-4032-848a-e5a710e638df,A71882351,2023-05-22T13:20:39.672Z,assigned,Erick Quigley,40,Paper Shredder,100,37
7/26/23,A65231780-fc220883-6a6e-4eec-b8a9-d5ea58d43c53,A71882351,2023-05-22T13:20:39.672Z,assigned,Erick Quigley,59,Stapler,60,55
7/30/23,A37485118-c206b101-f8b3-4bbe-a1f4-c674dc3124c8,A71882351,2023-05-26T13:37:34.866Z,open,,45,Paper Clips,30,59
6/1/23,A37485118-15357af5-0273-465c-81d2-65777835407e,A71882351,2023-05-26T13:37:34.866Z,open,,42,Multifunction Printer,110,0
7/12/23,A37485118-2876d968-98e4-4e20-92a9-4f9d45c3f7d4,A71882351,2023-05-26T13:37:34.866Z,open,,21,A4 Paper,20,41
6/14/23,A40040874-6d3cbc43-887b-4d37-86a7-cc4246dcbdbe,A16929361,2023-06-13T16:02:25.168Z,assigned,Laverne Koss,8,File Folders,70,13
7/2/23,A40040874-42d95fcf-a611-4f97-ba88-20e651645b96,A16929361,2023-06-13T16:02:25.168Z,assigned,Laverne Koss,21,Office Chair,50,31
6/5/23,A40040874-fb778d8b-9a3b-4cf2-8e6b-0b33746886f7,A16929361,2023-06-13T16:02:25.168Z,assigned,Laverne Koss,39,"30"" Monitor",90,4
7/2/23,A59155304-e8b47bbe-990b-48a6-a7c6-d15732f85e06,A16929361,2023-05-15T08:32:19.415Z,closed,Taylor Hilll,22,Printer,80,31
6/1/23,A39855354-fb778d8b-9a3b-4cf2-8e6b-0b33746886f7,A16929361,2023-05-31T14:31:08.414Z,closed,Gail Weber,15,"30"" Monitor",90,0
7/22/23,A37969534-bb6408d1-d9c3-43b7-b5c4-986239d8c426,A16929361,2023-05-28T18:00:14.724Z,open,,11,Office Desk,40,51
6/30/23,A37969534-2876d968-98e4-4e20-92a9-4f9d45c3f7d4,A16929361,2023-05-28T18:00:14.724Z,open,,26,A4 Paper,20,29
7/18/23,A37969534-6d3cbc43-887b-4d37-86a7-cc4246dcbdbe,A16929361,2023-05-28T18:00:14.724Z,open,,31,File Folders,70,47
6/8/23,A37969534-fb778d8b-9a3b-4cf2-8e6b-0b33746886f7,A16929361,2023-05-28T18:00:14.724Z,open,,21,"30"" Monitor",90,7
7/25/23,A37969534-fd748d48-699d-4032-848a-e5a710e638df,A16929361,2023-05-28T18:00:14.724Z,open,,30,Paper Shredder,100,54
7/17/23,A37969534-c206b101-f8b3-4bbe-a1f4-c674dc3124c8,A16929361,2023-05-28T18:00:14.724Z,open,,10,Paper Clips,30,46
7/16/23,A37969534-e8b47bbe-990b-48a6-a7c6-d15732f85e06,A16929361,2023-05-28T18:00:14.724Z,open,,21,Printer,80,45
7/25/23,A91028836-e8b47bbe-990b-48a6-a7c6-d15732f85e06,A16929361,2023-05-19T02:32:49.526Z,assigned,Erick Quigley,12,Printer,80,54
7/8/23,A84048462-42d95fcf-a611-4f97-ba88-20e651645b96,A50201061,2023-05-14T09:27:52.428Z,open,,18,Office Chair,50,37
7/16/23,A84048462-fc220883-6a6e-4eec-b8a9-d5ea58d43c53,A50201061,2023-05-14T09:27:52.428Z,open,,15,Stapler,60,45
6/5/23,A84048462-bb6408d1-d9c3-43b7-b5c4-986239d8c426,A50201061,2023-05-14T09:27:52.428Z,open,,10,Office Desk,40,4
6/27/23,A84048462-fb778d8b-9a3b-4cf2-8e6b-0b33746886f7,A50201061,2023-05-14T09:27:52.428Z,open,,33,"30"" Monitor",90,26
6/21/23,A84048462-fd748d48-699d-4032-848a-e5a710e638df,A50201061,2023-05-14T09:27:52.428Z,open,,40,Paper Shredder,100,20
7/9/23,A84048462-2876d968-98e4-4e20-92a9-4f9d45c3f7d4,A50201061,2023-05-14T09:27:52.428Z,open,,31,A4 Paper,20,38
6/1/23,A84048462-e8b47bbe-990b-48a6-a7c6-d15732f85e06,A50201061,2023-05-14T09:27:52.428Z,open,,29,Printer,80,0
7/24/23,A84048462-15357af5-0273-465c-81d2-65777835407e,A50201061,2023-05-14T09:27:52.428Z,open,,52,Multifunction Printer,110,53
6/13/23,A94788644-fc220883-6a6e-4eec-b8a9-d5ea58d43c53,A70646199,2023-06-13T00:19:28.894Z,open,,26,Stapler,60,12
6/22/23,A94788644-fb778d8b-9a3b-4cf2-8e6b-0b33746886f7,A70646199,2023-06-13T00:19:28.894Z,open,,44,"30"" Monitor",90,21
6/1/23,A94788644-e8b47bbe-990b-48a6-a7c6-d15732f85e06,A70646199,2023-06-13T00:19:28.894Z,open,,12,Printer,80,0
7/24/23,A94788644-2876d968-98e4-4e20-92a9-4f9d45c3f7d4,A70646199,2023-06-13T00:19:28.894Z,open,,31,A4 Paper,20,53
6/25/23,A94788644-fd748d48-699d-4032-848a-e5a710e638df,A70646199,2023-06-13T00:19:28.894Z,open,,11,Paper Shredder,100,24
7/9/23,A94788644-42d95fcf-a611-4f97-ba88-20e651645b96,A70646199,2023-06-13T00:19:28.894Z,open,,47,Office Chair,50,38
7/2/23,A15428874-2876d968-98e4-4e20-92a9-4f9d45c3f7d4,A70646199,2023-05-20T10:06:50.317Z,closed,John Dooley,28,A4 Paper,20,31
6/12/23,A15428874-c206b101-f8b3-4bbe-a1f4-c674dc3124c8,A70646199,2023-05-20T10:06:50.317Z,closed,John Dooley,52,Paper Clips,30,11
7/12/23,A15428874-42d95fcf-a611-4f97-ba88-20e651645b96,A70646199,2023-05-20T10:06:50.317Z,closed,John Dooley,30,Office Chair,50,41
7/10/23,A15428874-15357af5-0273-465c-81d2-65777835407e,A70646199,2023-05-20T10:06:50.317Z,closed,John Dooley,28,Multifunction Printer,110,39
7/24/23,A81916086-42d95fcf-a611-4f97-ba88-20e651645b96,A70646199,2023-05-26T22:25:51.855Z,open,,38,Office Chair,50,53
6/9/23,A81916086-2876d968-98e4-4e20-92a9-4f9d45c3f7d4,A70646199,2023-05-26T22:25:51.855Z,open,,9,A4 Paper,20,8
6/10/23,A81916086-c206b101-f8b3-4bbe-a1f4-c674dc3124c8,A70646199,2023-05-26T22:25:51.855Z,open,,19,Paper Clips,30,9
7/27/23,A81916086-e8b47bbe-990b-48a6-a7c6-d15732f85e06,A70646199,2023-05-26T22:25:51.855Z,open,,59,Printer,80,56
6/30/23,A81916086-bb6408d1-d9c3-43b7-b5c4-986239d8c426,A70646199,2023-05-26T22:25:51.855Z,open,,60,Office Desk,40,29
6/9/23,A81916086-fc220883-6a6e-4eec-b8a9-d5ea58d43c53,A70646199,2023-05-26T22:25:51.855Z,open,,55,Stapler,60,8
6/25/23,A56712603-6d3cbc43-887b-4d37-86a7-cc4246dcbdbe,A70646199,2023-05-18T18:55:34.592Z,assigned,Latoya Gulgowski,49,File Folders,70,24
6/30/23,A56712603-fc220883-6a6e-4eec-b8a9-d5ea58d43c53,A70646199,2023-05-18T18:55:34.592Z,assigned,Latoya Gulgowski,24,Stapler,60,29
6/10/23,A56712603-bb6408d1-d9c3-43b7-b5c4-986239d8c426,A70646199,2023-05-18T18:55:34.592Z,assigned,Latoya Gulgowski,40,Office Desk,40,9
6/6/23,A56712603-fb778d8b-9a3b-4cf2-8e6b-0b33746886f7,A70646199,2023-05-18T18:55:34.592Z,assigned,Latoya Gulgowski,26,"30"" Monitor",90,5
7/3/23,A54664929-c206b101-f8b3-4bbe-a1f4-c674dc3124c8,A41637514,2023-05-20T19:38:39.318Z,assigned,John Dooley,57,Paper Clips,30,32
7/26/23,A54664929-42d95fcf-a611-4f97-ba88-20e651645b96,A41637514,2023-05-20T19:38:39.318Z,assigned,John Dooley,5,Office Chair,50,55
6/1/23,A54664929-bb6408d1-d9c3-43b7-b5c4-986239d8c426,A41637514,2023-05-20T19:38:39.318Z,assigned,John Dooley,30,Office Desk,40,0
7/16/23,A54664929-15357af5-0273-465c-81d2-65777835407e,A41637514,2023-05-20T19:38:39.318Z,assigned,John Dooley,45,Multifunction Printer,110,45
7/13/23,A37328113-2876d968-98e4-4e20-92a9-4f9d45c3f7d4,A41637514,2023-04-29T17:05:35.050Z,closed,Latoya Gulgowski,53,A4 Paper,20,42
6/24/23,A37328113-fb778d8b-9a3b-4cf2-8e6b-0b33746886f7,A41637514,2023-04-29T17:05:35.050Z,closed,Latoya Gulgowski,31,"30"" Monitor",90,23
6/16/23,A37328113-15357af5-0273-465c-81d2-65777835407e,A41637514,2023-04-29T17:05:35.050Z,closed,Latoya Gulgowski,30,Multifunction Printer,110,15
7/30/23,A37328113-fd748d48-699d-4032-848a-e5a710e638df,A41637514,2023-04-29T17:05:35.050Z,closed,Latoya Gulgowski,21,Paper Shredder,100,59
6/17/23,A37328113-c206b101-f8b3-4bbe-a1f4-c674dc3124c8,A41637514,2023-04-29T17:05:35.050Z,closed,Latoya Gulgowski,46,Paper Clips,30,16
6/28/23,A37328113-bb6408d1-d9c3-43b7-b5c4-986239d8c426,A41637514,2023-04-29T17:05:35.050Z,closed,Latoya Gulgowski,25,Office Desk,40,27
6/29/23,A37328113-6d3cbc43-887b-4d37-86a7-cc4246dcbdbe,A41637514,2023-04-29T17:05:35.050Z,closed,Latoya Gulgowski,48,File Folders,70,28
6/23/23,A7052693-42d95fcf-a611-4f97-ba88-20e651645b96,A41637514,2023-06-04T16:47:47.846Z,assigned,Kristen Mohr,43,Office Chair,50,22
6/5/23,A7052693-15357af5-0273-465c-81d2-65777835407e,A41637514,2023-06-04T16:47:47.846Z,assigned,Kristen Mohr,44,Multifunction Printer,110,4
7/17/23,A7052693-fb778d8b-9a3b-4cf2-8e6b-0b33746886f7,A41637514,2023-06-04T16:47:47.846Z,assigned,Kristen Mohr,53,"30"" Monitor",90,46
7/21/23,A7052693-bb6408d1-d9c3-43b7-b5c4-986239d8c426,A41637514,2023-06-04T16:47:47.846Z,assigned,Kristen Mohr,32,Office Desk,40,50
7/3/23,A7052693-2876d968-98e4-4e20-92a9-4f9d45c3f7d4,A41637514,2023-06-04T16:47:47.846Z,assigned,Kristen Mohr,22,A4 Paper,20,32
7/26/23,A7052693-6d3cbc43-887b-4d37-86a7-cc4246dcbdbe,A41637514,2023-06-04T16:47:47.846Z,assigned,Kristen Mohr,49,File Folders,70,55
7/11/23,A69938515-6d3cbc43-887b-4d37-86a7-cc4246dcbdbe,A41637514,2023-06-01T03:02:07.823Z,closed,Kristen Mohr,37,File Folders,70,40
6/17/23,A69938515-fc220883-6a6e-4eec-b8a9-d5ea58d43c53,A41637514,2023-06-01T03:02:07.823Z,closed,Kristen Mohr,41,Stapler,60,16
7/27/23,A69938515-2876d968-98e4-4e20-92a9-4f9d45c3f7d4,A41637514,2023-06-01T03:02:07.823Z,closed,Kristen Mohr,51,A4 Paper,20,56
6/3/23,A69938515-15357af5-0273-465c-81d2-65777835407e,A41637514,2023-06-01T03:02:07.823Z,closed,Kristen Mohr,48,Multifunction Printer,110,2
7/6/23,A69938515-42d95fcf-a611-4f97-ba88-20e651645b96,A41637514,2023-06-01T03:02:07.823Z,closed,Kristen Mohr,25,Office Chair,50,35
6/17/23,A69938515-fb778d8b-9a3b-4cf2-8e6b-0b33746886f7,A41637514,2023-06-01T03:02:07.823Z,closed,Kristen Mohr,46,"30"" Monitor",90,16
6/20/23,A26605529-fc220883-6a6e-4eec-b8a9-d5ea58d43c53,A67649814,2023-05-29T04:59:26.854Z,assigned,Erick Quigley,31,Stapler,60,19
7/21/23,A26605529-42d95fcf-a611-4f97-ba88-20e651645b96,A67649814,2023-05-29T04:59:26.854Z,assigned,Erick Quigley,7,Office Chair,50,50
6/11/23,A26605529-e8b47bbe-990b-48a6-a7c6-d15732f85e06,A67649814,2023-05-29T04:59:26.854Z,assigned,Erick Quigley,47,Printer,80,10
6/29/23,A26605529-fd748d48-699d-4032-848a-e5a710e638df,A67649814,2023-05-29T04:59:26.854Z,assigned,Erick Quigley,13,Paper Shredder,100,28
7/9/23,A26605529-c206b101-f8b3-4bbe-a1f4-c674dc3124c8,A67649814,2023-05-29T04:59:26.854Z,assigned,Erick Quigley,26,Paper Clips,30,38
6/19/23,A57555378-15357af5-0273-465c-81d2-65777835407e,A67649814,2023-06-05T04:31:59.518Z,closed,Gail Weber,21,Multifunction Printer,110,18
7/1/23,A57555378-e8b47bbe-990b-48a6-a7c6-d15732f85e06,A67649814,2023-06-05T04:31:59.518Z,closed,Gail Weber,13,Printer,80,30
6/27/23,A57555378-c206b101-f8b3-4bbe-a1f4-c674dc3124c8,A67649814,2023-06-05T04:31:59.518Z,closed,Gail Weber,36,Paper Clips,30,26
6/5/23,A57555378-42d95fcf-a611-4f97-ba88-20e651645b96,A67649814,2023-06-05T04:31:59.518Z,closed,Gail Weber,54,Office Chair,50,4
6/18/23,A57555378-fd748d48-699d-4032-848a-e5a710e638df,A67649814,2023-06-05T04:31:59.518Z,closed,Gail Weber,20,Paper Shredder,100,17
7/26/23,A57555378-fb778d8b-9a3b-4cf2-8e6b-0b33746886f7,A67649814,2023-06-05T04:31:59.518Z,closed,Gail Weber,11,"30"" Monitor",90,55
7/23/23,A57555378-6d3cbc43-887b-4d37-86a7-cc4246dcbdbe,A67649814,2023-06-05T04:31:59.518Z,closed,Gail Weber,44,File Folders,70,52
7/19/23,A82444445-fd748d48-699d-4032-848a-e5a710e638df,A67649814,2023-06-03T07:07:42.447Z,closed,Taylor Hilll,38,Paper Shredder,100,48
7/15/23,A82444445-c206b101-f8b3-4bbe-a1f4-c674dc3124c8,A67649814,2023-06-03T07:07:42.447Z,closed,Taylor Hilll,15,Paper Clips,30,44
7/6/23,A23884966-c206b101-f8b3-4bbe-a1f4-c674dc3124c8,A3233942,2023-05-01T03:19:44.627Z,assigned,Latoya Gulgowski,31,Paper Clips,30,35
7/30/23,A75899707-2876d968-98e4-4e20-92a9-4f9d45c3f7d4,A3233942,2023-06-23T15:26:54.033Z,assigned,Taylor Hilll,7,A4 Paper,20,59
6/1/23,A75899707-fd748d48-699d-4032-848a-e5a710e638df,A3233942,2023-06-23T15:26:54.033Z,assigned,Taylor Hilll,8,Paper Shredder,100,0
6/2/23,A6889314-42d95fcf-a611-4f97-ba88-20e651645b96,A3233942,2023-06-05T08:34:39.147Z,assigned,Lorraine Bahringer,51,Office Chair,50,1
6/8/23,A46315732-fb778d8b-9a3b-4cf2-8e6b-0b33746886f7,A3233942,2023-06-04T18:54:02.826Z,closed,Taylor Hilll,38,"30"" Monitor",90,7
6/26/23,A21651093-bb6408d1-d9c3-43b7-b5c4-986239d8c426,A3233942,2023-05-21T22:09:42.213Z,assigned,John Dooley,6,Office Desk,40,25
7/4/23,A21651093-e8b47bbe-990b-48a6-a7c6-d15732f85e06,A3233942,2023-05-21T22:09:42.213Z,assigned,John Dooley,36,Printer,80,33
6/28/23,A21651093-fd748d48-699d-4032-848a-e5a710e638df,A3233942,2023-05-21T22:09:42.213Z,assigned,John Dooley,59,Paper Shredder,100,27
7/17/23,A73029460-bb6408d1-d9c3-43b7-b5c4-986239d8c426,A51330122,2023-05-24T01:50:24.321Z,closed,Alfredo Bins,20,Office Desk,40,46
7/14/23,A73029460-2876d968-98e4-4e20-92a9-4f9d45c3f7d4,A51330122,2023-05-24T01:50:24.321Z,closed,Alfredo Bins,27,A4 Paper,20,43
7/11/23,A73029460-fc220883-6a6e-4eec-b8a9-d5ea58d43c53,A51330122,2023-05-24T01:50:24.321Z,closed,Alfredo Bins,37,Stapler,60,40
6/8/23,A73029460-fd748d48-699d-4032-848a-e5a710e638df,A51330122,2023-05-24T01:50:24.321Z,closed,Alfredo Bins,51,Paper Shredder,100,7
7/3/23,A27234520-2876d968-98e4-4e20-92a9-4f9d45c3f7d4,A51330122,2023-05-15T08:06:26.747Z,closed,Erick Quigley,55,A4 Paper,20,32
6/18/23,A27234520-fd748d48-699d-4032-848a-e5a710e638df,A51330122,2023-05-15T08:06:26.747Z,closed,Erick Quigley,37,Paper Shredder,100,17
6/20/23,A27234520-fc220883-6a6e-4eec-b8a9-d5ea58d43c53,A51330122,2023-05-15T08:06:26.747Z,closed,Erick Quigley,40,Stapler,60,19
7/30/23,A27234520-42d95fcf-a611-4f97-ba88-20e651645b96,A51330122,2023-05-15T08:06:26.747Z,closed,Erick Quigley,39,Office Chair,50,59
7/18/23,A16876182-fd748d48-699d-4032-848a-e5a710e638df,A51330122,2023-05-05T14:09:53.704Z,assigned,Latoya Gulgowski,10,Paper Shredder,100,47
7/16/23,A16876182-c206b101-f8b3-4bbe-a1f4-c674dc3124c8,A51330122,2023-05-05T14:09:53.704Z,assigned,Latoya Gulgowski,40,Paper Clips,30,45
7/3/23,A16876182-42d95fcf-a611-4f97-ba88-20e651645b96,A51330122,2023-05-05T14:09:53.704Z,assigned,Latoya Gulgowski,15,Office Chair,50,32
6/25/23,A16876182-fb778d8b-9a3b-4cf2-8e6b-0b33746886f7,A51330122,2023-05-05T14:09:53.704Z,assigned,Latoya Gulgowski,60,"30"" Monitor",90,24
6/16/23,A16876182-2876d968-98e4-4e20-92a9-4f9d45c3f7d4,A51330122,2023-05-05T14:09:53.704Z,assigned,Latoya Gulgowski,56,A4 Paper,20,15
6/6/23,A92755465-6d3cbc43-887b-4d37-86a7-cc4246dcbdbe,A43662951,2023-06-08T10:59:07.570Z,closed,Lorraine Bahringer,47,File Folders,70,5
6/13/23,A92755465-15357af5-0273-465c-81d2-65777835407e,A43662951,2023-06-08T10:59:07.570Z,closed,Lorraine Bahringer,36,Multifunction Printer,110,12
6/21/23,A25430956-bb6408d1-d9c3-43b7-b5c4-986239d8c426,A43662951,2023-05-02T14:58:59.839Z,assigned,Laverne Koss,46,Office Desk,40,20
7/16/23,A25430956-fc220883-6a6e-4eec-b8a9-d5ea58d43c53,A43662951,2023-05-02T14:58:59.839Z,assigned,Laverne Koss,18,Stapler,60,45
7/6/23,A25430956-fb778d8b-9a3b-4cf2-8e6b-0b33746886f7,A43662951,2023-05-02T14:58:59.839Z,assigned,Laverne Koss,10,"30"" Monitor",90,35
6/14/23,A25430956-fd748d48-699d-4032-848a-e5a710e638df,A43662951,2023-05-02T14:58:59.839Z,assigned,Laverne Koss,57,Paper Shredder,100,13
6/10/23,A25430956-15357af5-0273-465c-81d2-65777835407e,A43662951,2023-05-02T14:58:59.839Z,assigned,Laverne Koss,51,Multifunction Printer,110,9
7/9/23,A9034138-c206b101-f8b3-4bbe-a1f4-c674dc3124c8,A43662951,2023-06-07T04:20:05.335Z,closed,Taylor Hilll,25,Paper Clips,30,38
6/9/23,A9034138-fb778d8b-9a3b-4cf2-8e6b-0b33746886f7,A43662951,2023-06-07T04:20:05.335Z,closed,Taylor Hilll,29,"30"" Monitor",90,8
7/29/23,A9034138-42d95fcf-a611-4f97-ba88-20e651645b96,A43662951,2023-06-07T04:20:05.335Z,closed,Taylor Hilll,33,Office Chair,50,58
6/6/23,A9034138-6d3cbc43-887b-4d37-86a7-cc4246dcbdbe,A43662951,2023-06-07T04:20:05.335Z,closed,Taylor Hilll,22,File Folders,70,5
6/2/23,A9034138-2876d968-98e4-4e20-92a9-4f9d45c3f7d4,A43662951,2023-06-07T04:20:05.335Z,closed,Taylor Hilll,48,A4 Paper,20,1
6/9/23,A37124728-fc220883-6a6e-4eec-b8a9-d5ea58d43c53,A43662951,2023-05-02T10:52:33.554Z,closed,Gail Weber,7,Stapler,60,8
6/4/23,A37124728-15357af5-0273-465c-81d2-65777835407e,A43662951,2023-05-02T10:52:33.554Z,closed,Gail Weber,14,Multifunction Printer,110,3
7/29/23,A37124728-6d3cbc43-887b-4d37-86a7-cc4246dcbdbe,A43662951,2023-05-02T10:52:33.554Z,closed,Gail Weber,35,File Folders,70,58
7/12/23,A4982366-fd748d48-699d-4032-848a-e5a710e638df,A43662951,2023-05-20T12:53:02.814Z,assigned,Gail Weber,10,Paper Shredder,100,41
7/22/23,A4982366-42d95fcf-a611-4f97-ba88-20e651645b96,A43662951,2023-05-20T12:53:02.814Z,assigned,Gail Weber,32,Office Chair,50,51
7/6/23,A4982366-fb778d8b-9a3b-4cf2-8e6b-0b33746886f7,A43662951,2023-05-20T12:53:02.814Z,assigned,Gail Weber,29,"30"" Monitor",90,35
6/1/23,A4982366-c206b101-f8b3-4bbe-a1f4-c674dc3124c8,A43662951,2023-05-20T12:53:02.814Z,assigned,Gail Weber,58,Paper Clips,30,0
7/8/23,A4982366-fc220883-6a6e-4eec-b8a9-d5ea58d43c53,A43662951,2023-05-20T12:53:02.814Z,assigned,Gail Weber,32,Stapler,60,37
7/21/23,A56928545-15357af5-0273-465c-81d2-65777835407e,A43662951,2023-06-08T03:51:40.461Z,closed,Lorraine Bahringer,26,Multifunction Printer,110,50
7/20/23,A56928545-fc220883-6a6e-4eec-b8a9-d5ea58d43c53,A43662951,2023-06-08T03:51:40.461Z,closed,Lorraine Bahringer,13,Stapler,60,49
7/5/23,A56928545-c206b101-f8b3-4bbe-a1f4-c674dc3124c8,A43662951,2023-06-08T03:51:40.461Z,closed,Lorraine Bahringer,59,Paper Clips,30,34
7/8/23,A56928545-2876d968-98e4-4e20-92a9-4f9d45c3f7d4,A43662951,2023-06-08T03:51:40.461Z,closed,Lorraine Bahringer,58,A4 Paper,20,37
7/6/23,A56928545-42d95fcf-a611-4f97-ba88-20e651645b96,A43662951,2023-06-08T03:51:40.461Z,closed,Lorraine Bahringer,17,Office Chair,50,35
7/18/23,A17218865-fc220883-6a6e-4eec-b8a9-d5ea58d43c53,A43662951,2023-05-29T09:42:58.150Z,closed,Alfredo Bins,44,Stapler,60,47
6/10/23,A17218865-fb778d8b-9a3b-4cf2-8e6b-0b33746886f7,A43662951,2023-05-29T09:42:58.150Z,closed,Alfredo Bins,60,"30"" Monitor",90,9
6/10/23,A24000676-2876d968-98e4-4e20-92a9-4f9d45c3f7d4,A43662951,2023-06-20T02:18:32.441Z,assigned,Latoya Gulgowski,41,A4 Paper,20,9
7/4/23,A24000676-fc220883-6a6e-4eec-b8a9-d5ea58d43c53,A43662951,2023-06-20T02:18:32.441Z,assigned,Latoya Gulgowski,30,Stapler,60,33
6/28/23,A24000676-6d3cbc43-887b-4d37-86a7-cc4246dcbdbe,A43662951,2023-06-20T02:18:32.441Z,assigned,Latoya Gulgowski,43,File Folders,70,27
7/25/23,A24000676-42d95fcf-a611-4f97-ba88-20e651645b96,A43662951,2023-06-20T02:18:32.441Z,assigned,Latoya Gulgowski,37,Office Chair,50,54
7/7/23,A24000676-c206b101-f8b3-4bbe-a1f4-c674dc3124c8,A43662951,2023-06-20T02:18:32.441Z,assigned,Latoya Gulgowski,15,Paper Clips,30,36
6/10/23,A35337636-6d3cbc43-887b-4d37-86a7-cc4246dcbdbe,A71058781,2023-05-29T04:59:11.730Z,assigned,John Dooley,7,File Folders,70,9
7/27/23,A35337636-fb778d8b-9a3b-4cf2-8e6b-0b33746886f7,A71058781,2023-05-29T04:59:11.730Z,assigned,John Dooley,53,"30"" Monitor",90,56
6/4/23,A35337636-fc220883-6a6e-4eec-b8a9-d5ea58d43c53,A71058781,2023-05-29T04:59:11.730Z,assigned,John Dooley,54,Stapler,60,3
7/24/23,A35337636-bb6408d1-d9c3-43b7-b5c4-986239d8c426,A71058781,2023-05-29T04:59:11.730Z,assigned,John Dooley,57,Office Desk,40,53
7/12/23,A35337636-15357af5-0273-465c-81d2-65777835407e,A71058781,2023-05-29T04:59:11.730Z,assigned,John Dooley,15,Multifunction Printer,110,41
7/23/23,A4699305-bb6408d1-d9c3-43b7-b5c4-986239d8c426,A71058781,2023-05-07T22:06:05.767Z,closed,Taylor Hilll,31,Office Desk,40,52
7/27/23,A42944227-15357af5-0273-465c-81d2-65777835407e,A71058781,2023-05-30T13:08:07.046Z,assigned,Kristen Mohr,33,Multifunction Printer,110,56
7/9/23,A42944227-42d95fcf-a611-4f97-ba88-20e651645b96,A71058781,2023-05-30T13:08:07.046Z,assigned,Kristen Mohr,17,Office Chair,50,38
7/20/23,A42944227-c206b101-f8b3-4bbe-a1f4-c674dc3124c8,A71058781,2023-05-30T13:08:07.046Z,assigned,Kristen Mohr,21,Paper Clips,30,49
6/26/23,A42944227-fb778d8b-9a3b-4cf2-8e6b-0b33746886f7,A71058781,2023-05-30T13:08:07.046Z,assigned,Kristen Mohr,6,"30"" Monitor",90,25
6/4/23,A42944227-2876d968-98e4-4e20-92a9-4f9d45c3f7d4,A71058781,2023-05-30T13:08:07.046Z,assigned,Kristen Mohr,29,A4 Paper,20,3
6/10/23,A42944227-bb6408d1-d9c3-43b7-b5c4-986239d8c426,A71058781,2023-05-30T13:08:07.046Z,assigned,Kristen Mohr,58,Office Desk,40,9
6/10/23,A57545636-fc220883-6a6e-4eec-b8a9-d5ea58d43c53,A46828545,2023-05-27T21:13:52.453Z,closed,Kristen Mohr,20,Stapler,60,9
6/30/23,A57545636-42d95fcf-a611-4f97-ba88-20e651645b96,A46828545,2023-05-27T21:13:52.453Z,closed,Kristen Mohr,48,Office Chair,50,29
7/3/23,A57545636-fb778d8b-9a3b-4cf2-8e6b-0b33746886f7,A46828545,2023-05-27T21:13:52.453Z,closed,Kristen Mohr,20,"30"" Monitor",90,32
7/15/23,A42515165-bb6408d1-d9c3-43b7-b5c4-986239d8c426,A46828545,2023-05-08T04:01:45.373Z,assigned,Lorraine Bahringer,40,Office Desk,40,44
6/8/23,A42515165-fb778d8b-9a3b-4cf2-8e6b-0b33746886f7,A46828545,2023-05-08T04:01:45.373Z,assigned,Lorraine Bahringer,30,"30"" Monitor",90,7
6/7/23,A42515165-6d3cbc43-887b-4d37-86a7-cc4246dcbdbe,A46828545,2023-05-08T04:01:45.373Z,assigned,Lorraine Bahringer,5,File Folders,70,6
6/19/23,A42515165-fc220883-6a6e-4eec-b8a9-d5ea58d43c53,A46828545,2023-05-08T04:01:45.373Z,assigned,Lorraine Bahringer,28,Stapler,60,18
7/6/23,A33256426-42d95fcf-a611-4f97-ba88-20e651645b96,A46828545,2023-04-25T07:20:02.029Z,closed,Erick Quigley,12,Office Chair,50,35
6/23/23,A33256426-bb6408d1-d9c3-43b7-b5c4-986239d8c426,A46828545,2023-04-25T07:20:02.029Z,closed,Erick Quigley,44,Office Desk,40,22
6/8/23,A72997796-fb778d8b-9a3b-4cf2-8e6b-0b33746886f7,A46828545,2023-05-22T08:48:05.211Z,closed,Kristen Mohr,42,"30"" Monitor",90,7
7/8/23,A72997796-e8b47bbe-990b-48a6-a7c6-d15732f85e06,A46828545,2023-05-22T08:48:05.211Z,closed,Kristen Mohr,21,Printer,80,37
7/26/23,A72997796-6d3cbc43-887b-4d37-86a7-cc4246dcbdbe,A46828545,2023-05-22T08:48:05.211Z,closed,Kristen Mohr,16,File Folders,70,55
7/2/23,A52333958-bb6408d1-d9c3-43b7-b5c4-986239d8c426,A46828545,2023-05-23T03:23:29.367Z,open,,60,Office Desk,40,31
6/5/23,A52333958-fc220883-6a6e-4eec-b8a9-d5ea58d43c53,A46828545,2023-05-23T03:23:29.367Z,open,,24,Stapler,60,4
6/21/23,A52333958-2876d968-98e4-4e20-92a9-4f9d45c3f7d4,A46828545,2023-05-23T03:23:29.367Z,open,,13,A4 Paper,20,20
7/12/23,A52333958-fd748d48-699d-4032-848a-e5a710e638df,A46828545,2023-05-23T03:23:29.367Z,open,,10,Paper Shredder,100,41
6/18/23,A52333958-fb778d8b-9a3b-4cf2-8e6b-0b33746886f7,A46828545,2023-05-23T03:23:29.367Z,open,,14,"30"" Monitor",90,17
7/30/23,A52333958-e8b47bbe-990b-48a6-a7c6-d15732f85e06,A46828545,2023-05-23T03:23:29.367Z,open,,9,Printer,80,59
7/5/23,A52333958-6d3cbc43-887b-4d37-86a7-cc4246dcbdbe,A46828545,2023-05-23T03:23:29.367Z,open,,57,File Folders,70,34
6/4/23,A72219213-bb6408d1-d9c3-43b7-b5c4-986239d8c426,A46828545,2023-05-10T21:00:36.457Z,closed,Erick Quigley,55,Office Desk,40,3
7/27/23,A72219213-c206b101-f8b3-4bbe-a1f4-c674dc3124c8,A46828545,2023-05-10T21:00:36.457Z,closed,Erick Quigley,22,Paper Clips,30,56
6/11/23,A72219213-6d3cbc43-887b-4d37-86a7-cc4246dcbdbe,A46828545,2023-05-10T21:00:36.457Z,closed,Erick Quigley,7,File Folders,70,10
6/3/23,A72219213-2876d968-98e4-4e20-92a9-4f9d45c3f7d4,A46828545,2023-05-10T21:00:36.457Z,closed,Erick Quigley,38,A4 Paper,20,2
6/2/23,A72219213-fd748d48-699d-4032-848a-e5a710e638df,A46828545,2023-05-10T21:00:36.457Z,closed,Erick Quigley,5,Paper Shredder,100,1
6/19/23,A49996264-bb6408d1-d9c3-43b7-b5c4-986239d8c426,A46828545,2023-05-31T08:44:19.414Z,assigned,Kristen Mohr,15,Office Desk,40,18
6/6/23,A49996264-2876d968-98e4-4e20-92a9-4f9d45c3f7d4,A46828545,2023-05-31T08:44:19.414Z,assigned,Kristen Mohr,43,A4 Paper,20,5
6/12/23,A49996264-fc220883-6a6e-4eec-b8a9-d5ea58d43c53,A46828545,2023-05-31T08:44:19.414Z,assigned,Kristen Mohr,11,Stapler,60,11
6/6/23,A40522759-fc220883-6a6e-4eec-b8a9-d5ea58d43c53,A46828545,2023-05-31T11:01:48.093Z,assigned,Lela Kemmer,23,Stapler,60,5
6/25/23,A40522759-e8b47bbe-990b-48a6-a7c6-d15732f85e06,A46828545,2023-05-31T11:01:48.093Z,assigned,Lela Kemmer,48,Printer,80,24
7/1/23,A40522759-c206b101-f8b3-4bbe-a1f4-c674dc3124c8,A46828545,2023-05-31T11:01:48.093Z,assigned,Lela Kemmer,8,Paper Clips,30,30
7/27/23,A40522759-42d95fcf-a611-4f97-ba88-20e651645b96,A46828545,2023-05-31T11:01:48.093Z,assigned,Lela Kemmer,21,Office Chair,50,56
6/11/23,A40522759-15357af5-0273-465c-81d2-65777835407e,A46828545,2023-05-31T11:01:48.093Z,assigned,Lela Kemmer,12,Multifunction Printer,110,10
6/4/23,A40522759-bb6408d1-d9c3-43b7-b5c4-986239d8c426,A46828545,2023-05-31T11:01:48.093Z,assigned,Lela Kemmer,12,Office Desk,40,3
6/10/23,A90708518-fc220883-6a6e-4eec-b8a9-d5ea58d43c53,A16737082,2023-06-06T20:50:22.761Z,assigned,Lela Kemmer,42,Stapler,60,9
6/20/23,A90708518-c206b101-f8b3-4bbe-a1f4-c674dc3124c8,A16737082,2023-06-06T20:50:22.761Z,assigned,Lela Kemmer,14,Paper Clips,30,19
7/7/23,A23208663-bb6408d1-d9c3-43b7-b5c4-986239d8c426,A16737082,2023-06-02T19:54:53.291Z,closed,Lorraine Bahringer,21,Office Desk,40,36
7/25/23,A23208663-fc220883-6a6e-4eec-b8a9-d5ea58d43c53,A16737082,2023-06-02T19:54:53.291Z,closed,Lorraine Bahringer,12,Stapler,60,54
6/1/23,A23208663-42d95fcf-a611-4f97-ba88-20e651645b96,A16737082,2023-06-02T19:54:53.291Z,closed,Lorraine Bahringer,58,Office Chair,50,0
7/7/23,A23208663-15357af5-0273-465c-81d2-65777835407e,A16737082,2023-06-02T19:54:53.291Z,closed,Lorraine Bahringer,35,Multifunction Printer,110,36
6/23/23,A23208663-fd748d48-699d-4032-848a-e5a710e638df,A16737082,2023-06-02T19:54:53.291Z,closed,Lorraine Bahringer,5,Paper Shredder,100,22
6/16/23,A23208663-2876d968-98e4-4e20-92a9-4f9d45c3f7d4,A16737082,2023-06-02T19:54:53.291Z,closed,Lorraine Bahringer,28,A4 Paper,20,15
6/1/23,A74490564-fd748d48-699d-4032-848a-e5a710e638df,A16737082,2023-06-06T13:58:21.323Z,closed,John Dooley,20,Paper Shredder,100,0
7/10/23,A74490564-e8b47bbe-990b-48a6-a7c6-d15732f85e06,A16737082,2023-06-06T13:58:21.323Z,closed,John Dooley,44,Printer,80,39
7/23/23,A74490564-fc220883-6a6e-4eec-b8a9-d5ea58d43c53,A16737082,2023-06-06T13:58:21.323Z,closed,John Dooley,22,Stapler,60,52
7/12/23,A74490564-2876d968-98e4-4e20-92a9-4f9d45c3f7d4,A16737082,2023-06-06T13:58:21.323Z,closed,John Dooley,40,A4 Paper,20,41
6/9/23,A74490564-bb6408d1-d9c3-43b7-b5c4-986239d8c426,A16737082,2023-06-06T13:58:21.323Z,closed,John Dooley,55,Office Desk,40,8
6/27/23,A74490564-6d3cbc43-887b-4d37-86a7-cc4246dcbdbe,A16737082,2023-06-06T13:58:21.323Z,closed,John Dooley,47,File Folders,70,26
6/19/23,A37897985-42d95fcf-a611-4f97-ba88-20e651645b96,A16737082,2023-06-04T22:43:26.746Z,open,,26,Office Chair,50,18
6/14/23,A37897985-fb778d8b-9a3b-4cf2-8e6b-0b33746886f7,A16737082,2023-06-04T22:43:26.746Z,open,,31,"30"" Monitor",90,13
6/10/23,A37897985-e8b47bbe-990b-48a6-a7c6-d15732f85e06,A16737082,2023-06-04T22:43:26.746Z,open,,41,Printer,80,9
6/25/23,A37897985-fd748d48-699d-4032-848a-e5a710e638df,A16737082,2023-06-04T22:43:26.746Z,open,,25,Paper Shredder,100,24
7/24/23,A37897985-2876d968-98e4-4e20-92a9-4f9d45c3f7d4,A16737082,2023-06-04T22:43:26.746Z,open,,24,A4 Paper,20,53
6/16/23,A37897985-15357af5-0273-465c-81d2-65777835407e,A16737082,2023-06-04T22:43:26.746Z,open,,50,Multifunction Printer,110,15
6/16/23,A48463354-fd748d48-699d-4032-848a-e5a710e638df,A16737082,2023-05-02T09:52:41.218Z,assigned,Laverne Koss,39,Paper Shredder,100,15
6/20/23,A48463354-6d3cbc43-887b-4d37-86a7-cc4246dcbdbe,A16737082,2023-05-02T09:52:41.218Z,assigned,Laverne Koss,27,File Folders,70,19
6/15/23,A48463354-c206b101-f8b3-4bbe-a1f4-c674dc3124c8,A16737082,2023-05-02T09:52:41.218Z,assigned,Laverne Koss,45,Paper Clips,30,14
6/25/23,A48463354-fb778d8b-9a3b-4cf2-8e6b-0b33746886f7,A16737082,2023-05-02T09:52:41.218Z,assigned,Laverne Koss,25,"30"" Monitor",90,24
6/2/23,A48463354-42d95fcf-a611-4f97-ba88-20e651645b96,A16737082,2023-05-02T09:52:41.218Z,assigned,Laverne Koss,26,Office Chair,50,1
7/16/23,A50558619-c206b101-f8b3-4bbe-a1f4-c674dc3124c8,A16737082,2023-06-17T20:10:34.503Z,closed,Lela Kemmer,20,Paper Clips,30,45
6/10/23,A50558619-6d3cbc43-887b-4d37-86a7-cc4246dcbdbe,A16737082,2023-06-17T20:10:34.503Z,closed,Lela Kemmer,15,File Folders,70,9
7/24/23,A21505366-e8b47bbe-990b-48a6-a7c6-d15732f85e06,A16737082,2023-05-05T03:45:36.795Z,assigned,Latoya Gulgowski,16,Printer,80,53
6/14/23,A21505366-bb6408d1-d9c3-43b7-b5c4-986239d8c426,A16737082,2023-05-05T03:45:36.795Z,assigned,Latoya Gulgowski,7,Office Desk,40,13
6/12/23,A21505366-6d3cbc43-887b-4d37-86a7-cc4246dcbdbe,A16737082,2023-05-05T03:45:36.795Z,assigned,Latoya Gulgowski,13,File Folders,70,11
6/22/23,A14074501-c206b101-f8b3-4bbe-a1f4-c674dc3124c8,A16737082,2023-05-26T10:53:35.523Z,assigned,Latoya Gulgowski,37,Paper Clips,30,21
7/24/23,A44525705-c206b101-f8b3-4bbe-a1f4-c674dc3124c8,A76140324,2023-05-22T00:32:04.519Z,assigned,John Dooley,51,Paper Clips,30,53
6/16/23,A44525705-42d95fcf-a611-4f97-ba88-20e651645b96,A76140324,2023-05-22T00:32:04.519Z,assigned,John Dooley,38,Office Chair,50,15
6/10/23,A44525705-fc220883-6a6e-4eec-b8a9-d5ea58d43c53,A76140324,2023-05-22T00:32:04.519Z,assigned,John Dooley,16,Stapler,60,9
6/9/23,A50754684-42d95fcf-a611-4f97-ba88-20e651645b96,A76140324,2023-05-05T16:13:54.070Z,assigned,Latoya Gulgowski,6,Office Chair,50,8
6/8/23,A50754684-c206b101-f8b3-4bbe-a1f4-c674dc3124c8,A76140324,2023-05-05T16:13:54.070Z,assigned,Latoya Gulgowski,38,Paper Clips,30,7
6/5/23,A50754684-6d3cbc43-887b-4d37-86a7-cc4246dcbdbe,A76140324,2023-05-05T16:13:54.070Z,assigned,Latoya Gulgowski,45,File Folders,70,4
6/11/23,A50754684-fd748d48-699d-4032-848a-e5a710e638df,A76140324,2023-05-05T16:13:54.070Z,assigned,Latoya Gulgowski,22,Paper Shredder,100,10
7/29/23,A13486686-bb6408d1-d9c3-43b7-b5c4-986239d8c426,A1290013,2023-05-20T21:10:42.285Z,open,,24,Office Desk,40,58
7/23/23,A13486686-42d95fcf-a611-4f97-ba88-20e651645b96,A1290013,2023-05-20T21:10:42.285Z,open,,57,Office Chair,50,52
7/11/23,A13486686-2876d968-98e4-4e20-92a9-4f9d45c3f7d4,A1290013,2023-05-20T21:10:42.285Z,open,,50,A4 Paper,20,40
7/21/23,A13486686-fc220883-6a6e-4eec-b8a9-d5ea58d43c53,A1290013,2023-05-20T21:10:42.285Z,open,,34,Stapler,60,50
6/16/23,A53807061-fd748d48-699d-4032-848a-e5a710e638df,A1290013,2023-06-15T00:44:51.153Z,assigned,Kristen Mohr,20,Paper Shredder,100,15
6/17/23,A53807061-15357af5-0273-465c-81d2-65777835407e,A1290013,2023-06-15T00:44:51.153Z,assigned,Kristen Mohr,39,Multifunction Printer,110,16